{"v":"5.5.7","meta":{"g":"LottieFiles AE 0.1.21","a":"","k":"","d":"","tc":"#FFFFFF"},"fr":24,"ip":0,"op":48,"w":1080,"h":1080,"nm":"WFH - Exercise","ddd":0,"assets":[],"layers":[{"ddd":0,"ind":1,"ty":3,"nm":"total controller","sr":1,"ks":{"o":{"a":0,"k":0,"ix":11},"r":{"a":0,"k":0,"ix":10},"p":{"a":0,"k":[534,540,0],"ix":2},"a":{"a":0,"k":[0,0,0],"ix":1},"s":{"a":0,"k":[100,100,100],"ix":6}},"ao":0,"ip":0,"op":408,"st":0,"bm":0},{"ddd":0,"ind":2,"ty":4,"nm":"Treadmill","parent":1,"sr":1,"ks":{"o":{"a":0,"k":100,"ix":11},"r":{"a":0,"k":0,"ix":10},"p":{"a":0,"k":[2.917,494.98,0],"ix":2},"a":{"a":0,"k":[58.917,542.98,0],"ix":1},"s":{"a":1,"k":[{"i":{"x":[0.833,0.833,0.833],"y":[1,1,1]},"o":{"x":[1,1,0.333],"y":[0,0,0]},"t":0,"s":[77,78.711,100]},{"i":{"x":[0.086,0.086,0.667],"y":[1,1,1]},"o":{"x":[0.167,0.167,0.167],"y":[0,0,0]},"t":6.24,"s":[78,76.711,100]},{"i":{"x":[0.833,0.833,0.833],"y":[1,1,1]},"o":{"x":[1,1,0.333],"y":[0,0,0]},"t":12,"s":[77,78.711,100]},{"i":{"x":[0.086,0.086,0.667],"y":[1,1,1]},"o":{"x":[0.167,0.167,0.167],"y":[0,0,0]},"t":18.24,"s":[78,76.711,100]},{"i":{"x":[0.833,0.833,0.833],"y":[1,1,1]},"o":{"x":[1,1,0.333],"y":[0,0,0]},"t":24,"s":[77,78.711,100]},{"i":{"x":[0.086,0.086,0.667],"y":[1,1,1]},"o":{"x":[0.167,0.167,0.167],"y":[0,0,0]},"t":30.24,"s":[78,76.711,100]},{"i":{"x":[0.833,0.833,0.833],"y":[1,1,1]},"o":{"x":[1,1,0.333],"y":[0,0,0]},"t":36,"s":[77,78.711,100]},{"i":{"x":[0,0,0.667],"y":[1,1,1]},"o":{"x":[0.167,0.167,0.167],"y":[0,0,0]},"t":42.24,"s":[78,76.711,100]},{"t":48,"s":[77,78.711,100]}],"ix":6}},"ao":0,"shapes":[{"ty":"gr","it":[{"ind":0,"ty":"sh","ix":1,"ks":{"a":0,"k":{"i":[[25.922,-6.33],[142,-37],[0,0],[0,0],[-3,-26],[0,0],[108,-16],[0,0],[0,0],[0,0]],"o":[[-86,21],[-34.295,8.936],[0,0],[0,0],[3,26],[0,0],[-24.15,3.578],[0,0],[0,0],[0,0]],"v":[[382,-149],[152,-92],[136,-50],[320.71,-74.385],[354,-55],[394,414],[228,442],[210,486],[474,470],[411.37,-129.725]],"c":true},"ix":2},"nm":"Path 1","mn":"ADBE Vector Shape - Group","hd":false},{"ty":"st","c":{"a":0,"k":[0.003921568627,0.247058838489,0.341176470588,1],"ix":3},"o":{"a":0,"k":100,"ix":4},"w":{"a":0,"k":0,"ix":5},"lc":1,"lj":1,"ml":4,"bm":0,"nm":"Stroke 1","mn":"ADBE Vector Graphic - Stroke","hd":false},{"ty":"fl","c":{"a":0,"k":[0.039215686275,0.325490196078,0.439215716194,1],"ix":4},"o":{"a":0,"k":100,"ix":5},"r":1,"bm":0,"nm":"Fill 1","mn":"ADBE Vector Graphic - Fill","hd":false},{"ty":"tr","p":{"a":0,"k":[0,0],"ix":2},"a":{"a":0,"k":[0,0],"ix":1},"s":{"a":0,"k":[100,100],"ix":3},"r":{"a":0,"k":0,"ix":6},"o":{"a":0,"k":100,"ix":7},"sk":{"a":0,"k":0,"ix":4},"sa":{"a":0,"k":0,"ix":5},"nm":"Transform"}],"nm":"Shape 2","np":3,"cix":2,"bm":0,"ix":1,"mn":"ADBE Vector Group","hd":false},{"ty":"gr","it":[{"ind":0,"ty":"sh","ix":1,"ks":{"a":0,"k":{"i":[[0,0],[344.638,-20.646],[0,0],[0,0]],"o":[[0,0],[-13.643,0.817],[0,0],[0,0]],"v":[[494,440],[-517.549,510.111],[-537.431,545.969],[524,540]],"c":true},"ix":2},"nm":"Path 1","mn":"ADBE Vector Shape - Group","hd":false},{"ty":"st","c":{"a":0,"k":[0.003921568627,0.247058838489,0.341176470588,1],"ix":3},"o":{"a":0,"k":100,"ix":4},"w":{"a":0,"k":0,"ix":5},"lc":1,"lj":1,"ml":4,"bm":0,"nm":"Stroke 1","mn":"ADBE Vector Graphic - Stroke","hd":false},{"ty":"fl","c":{"a":0,"k":[0.039215686275,0.325490196078,0.439215716194,1],"ix":4},"o":{"a":0,"k":100,"ix":5},"r":1,"bm":0,"nm":"Fill 1","mn":"ADBE Vector Graphic - Fill","hd":false},{"ty":"tr","p":{"a":0,"k":[0,0],"ix":2},"a":{"a":0,"k":[0,0],"ix":1},"s":{"a":0,"k":[100,100],"ix":3},"r":{"a":0,"k":0,"ix":6},"o":{"a":0,"k":100,"ix":7},"sk":{"a":0,"k":0,"ix":4},"sa":{"a":0,"k":0,"ix":5},"nm":"Transform"}],"nm":"Shape 1","np":3,"cix":2,"bm":0,"ix":2,"mn":"ADBE Vector Group","hd":false},{"ty":"gr","it":[{"ind":0,"ty":"sh","ix":1,"ks":{"a":0,"k":{"i":[[0,0],[0,0],[0,0],[0,0],[0,0],[0,0]],"o":[[0,0],[0,0],[0,0],[0,0],[0,0],[0,0]],"v":[[399.195,-264.583],[394.638,-264.583],[373.972,-122.265],[232.184,-88.354],[232.438,-87.606],[377.517,-121.767]],"c":true},"ix":2},"nm":"Path 1","mn":"ADBE Vector Shape - Group","hd":false},{"ty":"st","c":{"a":0,"k":[0.125490196078,0.61568627451,0.811764705882,1],"ix":3},"o":{"a":0,"k":100,"ix":4},"w":{"a":0,"k":11,"ix":5},"lc":1,"lj":1,"ml":4,"bm":0,"nm":"Stroke 1","mn":"ADBE Vector Graphic - Stroke","hd":false},{"ty":"fl","c":{"a":0,"k":[0.125490196078,0.61568627451,0.811764705882,1],"ix":4},"o":{"a":0,"k":100,"ix":5},"r":1,"bm":0,"nm":"Fill 1","mn":"ADBE Vector Graphic - Fill","hd":false},{"ty":"tr","p":{"a":0,"k":[358.889,-138.225],"ix":2},"a":{"a":0,"k":[368.889,-113.043],"ix":1},"s":{"a":0,"k":[100,100],"ix":3},"r":{"a":0,"k":0,"ix":6},"o":{"a":0,"k":100,"ix":7},"sk":{"a":0,"k":0,"ix":4},"sa":{"a":0,"k":0,"ix":5},"nm":"Transform"}],"nm":"Shape 3","np":3,"cix":2,"bm":0,"ix":3,"mn":"ADBE Vector Group","hd":false},{"ty":"gr","it":[{"ty":"rc","d":1,"s":{"a":0,"k":[920.682,47.407],"ix":2},"p":{"a":0,"k":[0,0],"ix":3},"r":{"a":0,"k":129,"ix":4},"nm":"Rectangle Path 1","mn":"ADBE Vector Shape - Rect","hd":false},{"ty":"st","c":{"a":0,"k":[0.125490196078,0.61568627451,0.811764765721,1],"ix":3},"o":{"a":0,"k":100,"ix":4},"w":{"a":0,"k":0,"ix":5},"lc":1,"lj":1,"ml":4,"bm":0,"nm":"Stroke 1","mn":"ADBE Vector Graphic - Stroke","hd":false},{"ty":"fl","c":{"a":0,"k":[0,0.16862745098,0.231372563979,1],"ix":4},"o":{"a":0,"k":100,"ix":5},"r":1,"bm":0,"nm":"Fill 1","mn":"ADBE Vector Graphic - Fill","hd":false},{"ty":"tr","p":{"a":0,"k":[-13.559,481.661],"ix":2},"a":{"a":0,"k":[0,0],"ix":1},"s":{"a":0,"k":[100,100],"ix":3},"r":{"a":0,"k":-4.094,"ix":6},"o":{"a":0,"k":100,"ix":7},"sk":{"a":0,"k":0,"ix":4},"sa":{"a":0,"k":0,"ix":5},"nm":"Transform"}],"nm":"Rectangle 1","np":3,"cix":2,"bm":0,"ix":4,"mn":"ADBE Vector Group","hd":false}],"ip":0,"op":408,"st":0,"bm":0},{"ddd":0,"ind":3,"ty":4,"nm":"Arm R","parent":6,"sr":1,"ks":{"o":{"a":0,"k":100,"ix":11},"r":{"a":1,"k":[{"i":{"x":[0.193],"y":[1]},"o":{"x":[0.627],"y":[0]},"t":0,"s":[67]},{"i":{"x":[0.185],"y":[1]},"o":{"x":[0.627],"y":[0]},"t":12,"s":[-53]},{"i":{"x":[0.193],"y":[1]},"o":{"x":[0.627],"y":[0]},"t":24,"s":[67]},{"i":{"x":[0.193],"y":[1]},"o":{"x":[0.627],"y":[0]},"t":36,"s":[-53]},{"t":48,"s":[67]}],"ix":10},"p":{"a":0,"k":[-24.415,-199.418,0],"ix":2},"a":{"a":0,"k":[-297,-65,0],"ix":1},"s":{"a":0,"k":[65,65,100],"ix":6}},"ao":0,"shapes":[{"ty":"gr","it":[{"ty":"gr","it":[{"ind":0,"ty":"sh","ix":1,"ks":{"a":0,"k":{"i":[[0,0],[0,0],[0,0],[0,0]],"o":[[0,0],[0,0],[0,0],[0,0]],"v":[[-335.75,-64.5],[-324.853,182.288],[-269.192,181.514],[-258,-64.5]],"c":true},"ix":2},"nm":"Path 1","mn":"ADBE Vector Shape - Group","hd":false},{"ty":"st","c":{"a":0,"k":[0.125608541451,0.101407144584,0.61568627451,1],"ix":3},"o":{"a":0,"k":100,"ix":4},"w":{"a":0,"k":0,"ix":5},"lc":1,"lj":1,"ml":4,"bm":0,"nm":"Stroke 1","mn":"ADBE Vector Graphic - Stroke","hd":false},{"ty":"fl","c":{"a":0,"k":[1,0.623529411765,0.6,1],"ix":4},"o":{"a":0,"k":100,"ix":5},"r":1,"bm":0,"nm":"Fill 1","mn":"ADBE Vector Graphic - Fill","hd":false},{"ty":"tr","p":{"a":0,"k":[0,0],"ix":2},"a":{"a":0,"k":[0,0],"ix":1},"s":{"a":0,"k":[100,100],"ix":3},"r":{"a":0,"k":0,"ix":6},"o":{"a":0,"k":100,"ix":7},"sk":{"a":0,"k":0,"ix":4},"sa":{"a":0,"k":0,"ix":5},"nm":"Transform"}],"nm":"Shape 1","np":3,"cix":2,"bm":0,"ix":1,"mn":"ADBE Vector Group","hd":false},{"ty":"gr","it":[{"d":1,"ty":"el","s":{"a":0,"k":[55,55],"ix":2},"p":{"a":0,"k":[0,0],"ix":3},"nm":"Ellipse Path 1","mn":"ADBE Vector Shape - Ellipse","hd":false},{"ty":"st","c":{"a":0,"k":[0.125608541451,0.101407144584,0.61568627451,1],"ix":3},"o":{"a":0,"k":100,"ix":4},"w":{"a":0,"k":0,"ix":5},"lc":1,"lj":1,"ml":4,"bm":0,"nm":"Stroke 1","mn":"ADBE Vector Graphic - Stroke","hd":false},{"ty":"fl","c":{"a":0,"k":[1,0.623529411765,0.6,1],"ix":4},"o":{"a":0,"k":100,"ix":5},"r":1,"bm":0,"nm":"Fill 1","mn":"ADBE Vector Graphic - Fill","hd":false},{"ty":"tr","p":{"a":0,"k":[-297,181],"ix":2},"a":{"a":0,"k":[0,0],"ix":1},"s":{"a":0,"k":[100,100],"ix":3},"r":{"a":0,"k":0,"ix":6},"o":{"a":0,"k":100,"ix":7},"sk":{"a":0,"k":0,"ix":4},"sa":{"a":0,"k":0,"ix":5},"nm":"Transform"}],"nm":"Ellipse 2","np":3,"cix":2,"bm":0,"ix":2,"mn":"ADBE Vector Group","hd":false},{"ty":"gr","it":[{"d":1,"ty":"el","s":{"a":0,"k":[78,78],"ix":2},"p":{"a":0,"k":[0,0],"ix":3},"nm":"Ellipse Path 1","mn":"ADBE Vector Shape - Ellipse","hd":false},{"ty":"st","c":{"a":0,"k":[0.125608541451,0.101407144584,0.61568627451,1],"ix":3},"o":{"a":0,"k":100,"ix":4},"w":{"a":0,"k":0,"ix":5},"lc":1,"lj":1,"ml":4,"bm":0,"nm":"Stroke 1","mn":"ADBE Vector Graphic - Stroke","hd":false},{"ty":"fl","c":{"a":0,"k":[1,0.623529411765,0.6,1],"ix":4},"o":{"a":0,"k":100,"ix":5},"r":1,"bm":0,"nm":"Fill 1","mn":"ADBE Vector Graphic - Fill","hd":false},{"ty":"tr","p":{"a":0,"k":[-297,-65],"ix":2},"a":{"a":0,"k":[0,0],"ix":1},"s":{"a":0,"k":[100,100],"ix":3},"r":{"a":0,"k":0,"ix":6},"o":{"a":0,"k":100,"ix":7},"sk":{"a":0,"k":0,"ix":4},"sa":{"a":0,"k":0,"ix":5},"nm":"Transform"}],"nm":"Ellipse 1","np":3,"cix":2,"bm":0,"ix":3,"mn":"ADBE Vector Group","hd":false},{"ty":"tr","p":{"a":0,"k":[-297,52.25],"ix":2},"a":{"a":0,"k":[-297,52.25],"ix":1},"s":{"a":0,"k":[100,100],"ix":3},"r":{"a":0,"k":0,"ix":6},"o":{"a":0,"k":100,"ix":7},"sk":{"a":0,"k":0,"ix":4},"sa":{"a":0,"k":0,"ix":5},"nm":"Transform"}],"nm":"Group 2","np":3,"cix":2,"bm":0,"ix":1,"mn":"ADBE Vector Group","hd":false},{"ty":"gr","it":[{"ty":"gr","it":[{"ind":0,"ty":"sh","ix":1,"ks":{"a":0,"k":{"i":[[0,0],[0,0]],"o":[[0,0],[0,0]],"v":[[-320.66,379.504],[-274.262,380.318]],"c":false},"ix":2},"nm":"Path 1","mn":"ADBE Vector Shape - Group","hd":false},{"ty":"st","c":{"a":0,"k":[0.039215686275,0.325490196078,0.439215716194,1],"ix":3},"o":{"a":0,"k":100,"ix":4},"w":{"a":0,"k":27,"ix":5},"lc":1,"lj":1,"ml":4,"bm":0,"nm":"Stroke 1","mn":"ADBE Vector Graphic - Stroke","hd":false},{"ty":"fl","c":{"a":0,"k":[1,0.623529411765,0.6,1],"ix":4},"o":{"a":0,"k":100,"ix":5},"r":1,"bm":0,"nm":"Fill 1","mn":"ADBE Vector Graphic - Fill","hd":false},{"ty":"tr","p":{"a":0,"k":[0,0],"ix":2},"a":{"a":0,"k":[0,0],"ix":1},"s":{"a":0,"k":[100,100],"ix":3},"r":{"a":0,"k":0,"ix":6},"o":{"a":0,"k":100,"ix":7},"sk":{"a":0,"k":0,"ix":4},"sa":{"a":0,"k":0,"ix":5},"nm":"Transform"}],"nm":"Shape 2","np":3,"cix":2,"bm":0,"ix":1,"mn":"ADBE Vector Group","hd":false},{"ty":"gr","it":[{"ty":"gr","it":[{"ind":0,"ty":"sh","ix":1,"ks":{"a":0,"k":{"i":[[-9.346,37.741],[0,0],[6.136,0.483],[8.709,-0.156],[11.869,-10.375],[-7.324,-4.99],[-23.723,-0.163]],"o":[[2.583,-10.432],[0,0],[-6.192,-0.488],[-12.731,0.228],[-5.588,4.884],[4.651,3.169],[21.938,0.151]],"v":[[53.586,149.492],[41.347,139.158],[36.474,133.29],[17.846,132.867],[-11.952,168.875],[-11.397,190.017],[24.053,196.936]],"c":true},"ix":2},"nm":"Path 1","mn":"ADBE Vector Shape - Group","hd":false},{"ty":"st","c":{"a":0,"k":[0.125608541451,0.101407144584,0.61568627451,1],"ix":3},"o":{"a":0,"k":100,"ix":4},"w":{"a":0,"k":0,"ix":5},"lc":1,"lj":1,"ml":4,"bm":0,"nm":"Stroke 1","mn":"ADBE Vector Graphic - Stroke","hd":false},{"ty":"fl","c":{"a":0,"k":[1,0.623529411765,0.6,1],"ix":4},"o":{"a":0,"k":100,"ix":5},"r":1,"bm":0,"nm":"Fill 1","mn":"ADBE Vector Graphic - Fill","hd":false},{"ty":"tr","p":{"a":0,"k":[0,0],"ix":2},"a":{"a":0,"k":[0,0],"ix":1},"s":{"a":0,"k":[100,100],"ix":3},"r":{"a":0,"k":0,"ix":6},"o":{"a":0,"k":100,"ix":7},"sk":{"a":0,"k":0,"ix":4},"sa":{"a":0,"k":0,"ix":5},"nm":"Transform"}],"nm":"Shape 1","np":3,"cix":2,"bm":0,"ix":1,"mn":"ADBE Vector Group","hd":false},{"ty":"tr","p":{"a":0,"k":[-298.062,384.293],"ix":2},"a":{"a":0,"k":[-10.007,177.641],"ix":1},"s":{"a":0,"k":[121.554,121.554],"ix":3},"r":{"a":0,"k":88.048,"ix":6},"o":{"a":0,"k":100,"ix":7},"sk":{"a":0,"k":0,"ix":4},"sa":{"a":0,"k":0,"ix":5},"nm":"Transform"}],"nm":"hand 1","np":1,"cix":2,"bm":0,"ix":2,"mn":"ADBE Vector Group","hd":false},{"ty":"gr","it":[{"ind":0,"ty":"sh","ix":1,"ks":{"a":0,"k":{"i":[[0,0],[0,0],[0,0],[0,0]],"o":[[0,0],[0,0],[0,0],[0,0]],"v":[[-324.853,182.288],[-315.217,399.309],[-285.229,399.312],[-269.192,181.514]],"c":true},"ix":2},"nm":"Path 1","mn":"ADBE Vector Shape - Group","hd":false},{"ty":"st","c":{"a":0,"k":[0.125608541451,0.101407144584,0.61568627451,1],"ix":3},"o":{"a":0,"k":100,"ix":4},"w":{"a":0,"k":0,"ix":5},"lc":1,"lj":1,"ml":4,"bm":0,"nm":"Stroke 1","mn":"ADBE Vector Graphic - Stroke","hd":false},{"ty":"fl","c":{"a":0,"k":[1,0.623529411765,0.6,1],"ix":4},"o":{"a":0,"k":100,"ix":5},"r":1,"bm":0,"nm":"Fill 1","mn":"ADBE Vector Graphic - Fill","hd":false},{"ty":"tr","p":{"a":0,"k":[0,0],"ix":2},"a":{"a":0,"k":[0,0],"ix":1},"s":{"a":0,"k":[100,100],"ix":3},"r":{"a":0,"k":0,"ix":6},"o":{"a":0,"k":100,"ix":7},"sk":{"a":0,"k":0,"ix":4},"sa":{"a":0,"k":0,"ix":5},"nm":"Transform"}],"nm":"Shape 1","np":3,"cix":2,"bm":0,"ix":3,"mn":"ADBE Vector Group","hd":false},{"ty":"gr","it":[{"d":1,"ty":"el","s":{"a":0,"k":[55,55],"ix":2},"p":{"a":0,"k":[0,0],"ix":3},"nm":"Ellipse Path 1","mn":"ADBE Vector Shape - Ellipse","hd":false},{"ty":"st","c":{"a":0,"k":[0.125608541451,0.101407144584,0.61568627451,1],"ix":3},"o":{"a":0,"k":100,"ix":4},"w":{"a":0,"k":0,"ix":5},"lc":1,"lj":1,"ml":4,"bm":0,"nm":"Stroke 1","mn":"ADBE Vector Graphic - Stroke","hd":false},{"ty":"fl","c":{"a":0,"k":[1,0.623529411765,0.6,1],"ix":4},"o":{"a":0,"k":100,"ix":5},"r":1,"bm":0,"nm":"Fill 1","mn":"ADBE Vector Graphic - Fill","hd":false},{"ty":"tr","p":{"a":0,"k":[-297,181],"ix":2},"a":{"a":0,"k":[0,0],"ix":1},"s":{"a":0,"k":[100,100],"ix":3},"r":{"a":0,"k":0,"ix":6},"o":{"a":0,"k":100,"ix":7},"sk":{"a":0,"k":0,"ix":4},"sa":{"a":0,"k":0,"ix":5},"nm":"Transform"}],"nm":"Ellipse 2","np":3,"cix":2,"bm":0,"ix":4,"mn":"ADBE Vector Group","hd":false},{"ty":"tr","p":{"a":0,"k":[-297.023,179.75],"ix":2},"a":{"a":0,"k":[-297.023,179.75],"ix":1},"s":{"a":0,"k":[100,100],"ix":3},"r":{"a":1,"k":[{"i":{"x":[0.46],"y":[1]},"o":{"x":[0.798],"y":[0]},"t":0,"s":[-88.435]},{"i":{"x":[0.185],"y":[1]},"o":{"x":[0.499],"y":[0]},"t":12,"s":[-123.435]},{"i":{"x":[0.46],"y":[1]},"o":{"x":[0.798],"y":[0]},"t":24,"s":[-88.435]},{"i":{"x":[0.086],"y":[1]},"o":{"x":[0.499],"y":[0]},"t":36,"s":[-123.435]},{"t":48,"s":[-88.435]}],"ix":6},"o":{"a":0,"k":100,"ix":7},"sk":{"a":0,"k":0,"ix":4},"sa":{"a":0,"k":0,"ix":5},"nm":"Transform"}],"nm":"Group 1","np":4,"cix":2,"bm":0,"ix":2,"mn":"ADBE Vector Group","hd":false}],"ip":0,"op":408,"st":0,"bm":0},{"ddd":0,"ind":4,"ty":3,"nm":"Null 1","parent":2,"sr":1,"ks":{"o":{"a":0,"k":0,"ix":11},"r":{"a":0,"k":-3,"ix":10},"p":{"a":1,"k":[{"i":{"x":0.947,"y":0.89},"o":{"x":0.936,"y":0.292},"t":0,"s":[-54.093,430.549,0],"to":[19.805,-0.296,0],"ti":[0,0,0]},{"i":{"x":0.833,"y":0.778},"o":{"x":0.184,"y":0.245},"t":3.84,"s":[-44.356,500.087,0],"to":[0,0,0],"ti":[-7.776,15.626,0]},{"i":{"x":0.375,"y":0.765},"o":{"x":0.176,"y":0.477},"t":5.76,"s":[-96.484,495.988,0],"to":[16.166,-32.484,0],"ti":[-31.709,0.88,0]},{"i":{"x":0.833,"y":0.662},"o":{"x":0.593,"y":0.181},"t":12,"s":[-37.99,430.549,0],"to":[21.784,-0.604,0],"ti":[0,0,0]},{"i":{"x":0.833,"y":0.776},"o":{"x":0.184,"y":0.25},"t":15.84,"s":[-45.467,500.087,0],"to":[0,0,0],"ti":[-7.776,15.626,0]},{"i":{"x":0.667,"y":1},"o":{"x":0.176,"y":0.524},"t":17.76,"s":[-96.484,495.988,0],"to":[16.166,-32.484,0],"ti":[-31.718,0.474,0]},{"i":{"x":0.947,"y":0.89},"o":{"x":0.936,"y":0.292},"t":24,"s":[-54.093,430.549,0],"to":[19.805,-0.296,0],"ti":[0,0,0]},{"i":{"x":0.833,"y":0.778},"o":{"x":0.184,"y":0.245},"t":27.84,"s":[-44.356,500.087,0],"to":[0,0,0],"ti":[-7.776,15.626,0]},{"i":{"x":0.375,"y":0.765},"o":{"x":0.176,"y":0.477},"t":29.76,"s":[-96.484,495.988,0],"to":[16.166,-32.484,0],"ti":[-31.709,0.88,0]},{"i":{"x":0.833,"y":0.662},"o":{"x":0.593,"y":0.181},"t":36,"s":[-37.99,430.549,0],"to":[21.784,-0.604,0],"ti":[0,0,0]},{"i":{"x":0.833,"y":0.776},"o":{"x":0.184,"y":0.25},"t":39.84,"s":[-45.467,500.087,0],"to":[0,0,0],"ti":[-7.776,15.626,0]},{"i":{"x":0.037,"y":0.547},"o":{"x":0.176,"y":0.547},"t":41.76,"s":[-96.484,495.988,0],"to":[16.166,-32.484,0],"ti":[-1.995,-8.423,0]},{"t":48,"s":[-54.094,430.549,0]}],"ix":2},"a":{"a":0,"k":[50,100,0],"ix":1},"s":{"a":0,"k":[64.59,61.624,100],"ix":6}},"ao":0,"ip":0,"op":408,"st":0,"bm":0},{"ddd":0,"ind":5,"ty":4,"nm":"Torso","parent":7,"td":1,"sr":1,"ks":{"o":{"a":0,"k":100,"ix":11},"r":{"a":0,"k":0,"ix":10},"p":{"a":0,"k":[67.46,213.077,0],"ix":2},"a":{"a":0,"k":[109.46,259.077,0],"ix":1},"s":{"a":1,"k":[{"i":{"x":[0.667,0.667,0.667],"y":[1,1,1]},"o":{"x":[0.333,0.333,0.333],"y":[0,0,0]},"t":0,"s":[100,100,100]},{"i":{"x":[0.667,0.667,0.667],"y":[1,1,1]},"o":{"x":[0.333,0.333,0.333],"y":[0,0,0]},"t":2.88,"s":[98,104,100]},{"i":{"x":[0.667,0.667,0.667],"y":[1,1,1]},"o":{"x":[0.333,0.333,0.333],"y":[0,0,0]},"t":5.76,"s":[105,95,100]},{"i":{"x":[0.667,0.667,0.667],"y":[1,1,1]},"o":{"x":[0.333,0.333,0.333],"y":[0,0,0]},"t":7.2,"s":[99,102,100]},{"i":{"x":[0.667,0.667,0.667],"y":[1,1,1]},"o":{"x":[0.333,0.333,0.333],"y":[0,0,0]},"t":8.64,"s":[100,100,100]},{"i":{"x":[0.667,0.667,0.667],"y":[1,1,1]},"o":{"x":[0.333,0.333,0.333],"y":[0,0,0]},"t":12,"s":[100,100,100]},{"i":{"x":[0.667,0.667,0.667],"y":[1,1,1]},"o":{"x":[0.333,0.333,0.333],"y":[0,0,0]},"t":14.88,"s":[98,104,100]},{"i":{"x":[0.667,0.667,0.667],"y":[1,1,1]},"o":{"x":[0.333,0.333,0.333],"y":[0,0,0]},"t":17.76,"s":[105,95,100]},{"i":{"x":[0.667,0.667,0.667],"y":[1,1,1]},"o":{"x":[0.333,0.333,0.333],"y":[0,0,0]},"t":19.2,"s":[99,102,100]},{"i":{"x":[0.667,0.667,0.667],"y":[1,1,1]},"o":{"x":[0.333,0.333,0.333],"y":[0,0,0]},"t":20.64,"s":[100,100,100]},{"i":{"x":[0.667,0.667,0.667],"y":[1,1,1]},"o":{"x":[0.333,0.333,0.333],"y":[0,0,0]},"t":24,"s":[100,100,100]},{"i":{"x":[0.667,0.667,0.667],"y":[1,1,1]},"o":{"x":[0.333,0.333,0.333],"y":[0,0,0]},"t":26.88,"s":[98,104,100]},{"i":{"x":[0.667,0.667,0.667],"y":[1,1,1]},"o":{"x":[0.333,0.333,0.333],"y":[0,0,0]},"t":29.76,"s":[105,95,100]},{"i":{"x":[0.667,0.667,0.667],"y":[1,1,1]},"o":{"x":[0.333,0.333,0.333],"y":[0,0,0]},"t":31.2,"s":[99,102,100]},{"i":{"x":[0.667,0.667,0.667],"y":[1,1,1]},"o":{"x":[0.333,0.333,0.333],"y":[0,0,0]},"t":32.64,"s":[100,100,100]},{"i":{"x":[0.667,0.667,0.667],"y":[1,1,1]},"o":{"x":[0.333,0.333,0.333],"y":[0,0,0]},"t":36,"s":[100,100,100]},{"i":{"x":[0.667,0.667,0.667],"y":[1,1,1]},"o":{"x":[0.333,0.333,0.333],"y":[0,0,0]},"t":38.88,"s":[98,104,100]},{"i":{"x":[0.667,0.667,0.667],"y":[1,1,1]},"o":{"x":[0.333,0.333,0.333],"y":[0,0,0]},"t":41.76,"s":[105,95,100]},{"i":{"x":[0.667,0.667,0.667],"y":[1,1,1]},"o":{"x":[0.333,0.333,0.333],"y":[0,0,0]},"t":43.2,"s":[99,102,100]},{"i":{"x":[0.667,0.667,0.667],"y":[1,1,1]},"o":{"x":[0.333,0.333,0.333],"y":[0,0,0]},"t":44.64,"s":[100,100,100]},{"t":48,"s":[100,100,100]}],"ix":6}},"ao":0,"shapes":[{"ty":"gr","it":[{"ind":0,"ty":"sh","ix":1,"ks":{"a":1,"k":[{"i":{"x":0.659,"y":1},"o":{"x":0.627,"y":0},"t":0,"s":[{"i":[[19.52,13.827],[36,0],[46.75,-17.733],[-15.882,-89.458],[0,0],[0,0],[-5.115,63.942],[12.29,29.342]],"o":[[-24.481,-17.341],[-36.691,0],[-31.435,11.924],[13.415,75.558],[0,0],[0,0],[9.911,-7.996],[-24.206,-57.789]],"v":[[176,-14],[86,-18],[-14.476,-15.492],[-3.274,130.818],[13.332,248.953],[178.222,247.365],[195.766,121.691],[206.29,78.199]],"c":true}]},{"i":{"x":0.133,"y":1},"o":{"x":0.214,"y":0},"t":4.8,"s":[{"i":[[13.033,10.59],[23.803,-2.079],[11.164,-19.282],[8.781,-58.807],[0,0],[0,0],[2.453,57.013],[12.29,29.342]],"o":[[-23.284,-18.918],[-19.243,1.68],[-14.295,24.691],[-8.824,59.1],[0,0],[0,0],[9.911,-7.996],[-24.206,-57.789]],"v":[[135.231,-9.7],[89.012,-28.088],[50.593,-0.087],[18.783,110.685],[8.898,253.809],[169.085,269.996],[181.926,132.733],[185.521,78.033]],"c":true}]},{"i":{"x":0.659,"y":1},"o":{"x":0.627,"y":0},"t":12,"s":[{"i":[[19.52,13.827],[36,0],[46.75,-17.733],[-15.882,-89.458],[0,0],[0,0],[-5.115,63.942],[12.29,29.342]],"o":[[-24.481,-17.341],[-36.691,0],[-31.435,11.924],[13.415,75.558],[0,0],[0,0],[9.911,-7.996],[-24.206,-57.789]],"v":[[176,-14],[86,-18],[-14.476,-15.492],[-3.274,130.818],[13.332,248.953],[178.222,247.365],[195.766,121.691],[206.29,78.199]],"c":true}]},{"i":{"x":0.133,"y":1},"o":{"x":0.214,"y":0},"t":17.76,"s":[{"i":[[13.033,10.59],[23.803,-2.079],[11.164,-19.282],[8.781,-58.807],[0,0],[0,0],[2.453,57.013],[12.29,29.342]],"o":[[-23.284,-18.918],[-19.243,1.68],[-14.295,24.691],[-8.824,59.1],[0,0],[0,0],[9.911,-7.996],[-24.206,-57.789]],"v":[[135.231,-9.7],[89.012,-28.088],[50.593,-0.087],[18.783,110.685],[8.898,253.809],[169.085,269.996],[181.926,132.733],[185.521,78.033]],"c":true}]},{"i":{"x":0.659,"y":1},"o":{"x":0.627,"y":0},"t":24,"s":[{"i":[[19.52,13.827],[36,0],[46.75,-17.733],[-15.882,-89.458],[0,0],[0,0],[-5.115,63.942],[12.29,29.342]],"o":[[-24.481,-17.341],[-36.691,0],[-31.435,11.924],[13.415,75.558],[0,0],[0,0],[9.911,-7.996],[-24.206,-57.789]],"v":[[176,-14],[86,-18],[-14.476,-15.492],[-3.274,130.818],[13.332,248.953],[178.222,247.365],[195.766,121.691],[206.29,78.199]],"c":true}]},{"i":{"x":0.133,"y":1},"o":{"x":0.214,"y":0},"t":28.8,"s":[{"i":[[13.033,10.59],[23.803,-2.079],[11.164,-19.282],[8.781,-58.807],[0,0],[0,0],[2.453,57.013],[12.29,29.342]],"o":[[-23.284,-18.918],[-19.243,1.68],[-14.295,24.691],[-8.824,59.1],[0,0],[0,0],[9.911,-7.996],[-24.206,-57.789]],"v":[[135.231,-9.7],[89.012,-28.088],[50.593,-0.087],[18.783,110.685],[8.898,253.809],[169.085,269.996],[181.926,132.733],[185.521,78.033]],"c":true}]},{"i":{"x":0.659,"y":1},"o":{"x":0.627,"y":0},"t":36,"s":[{"i":[[19.52,13.827],[36,0],[46.75,-17.733],[-15.882,-89.458],[0,0],[0,0],[-5.115,63.942],[12.29,29.342]],"o":[[-24.481,-17.341],[-36.691,0],[-31.435,11.924],[13.415,75.558],[0,0],[0,0],[9.911,-7.996],[-24.206,-57.789]],"v":[[176,-14],[86,-18],[-14.476,-15.492],[-3.274,130.818],[13.332,248.953],[178.222,247.365],[195.766,121.691],[206.29,78.199]],"c":true}]},{"i":{"x":0.133,"y":1},"o":{"x":0.214,"y":0},"t":40.8,"s":[{"i":[[13.033,10.59],[23.803,-2.079],[11.164,-19.282],[8.781,-58.807],[0,0],[0,0],[2.453,57.013],[12.29,29.342]],"o":[[-23.284,-18.918],[-19.243,1.68],[-14.295,24.691],[-8.824,59.1],[0,0],[0,0],[9.911,-7.996],[-24.206,-57.789]],"v":[[135.231,-9.7],[89.012,-28.088],[50.593,-0.087],[18.783,110.685],[8.898,253.809],[169.085,269.996],[181.926,132.733],[185.521,78.033]],"c":true}]},{"t":48,"s":[{"i":[[19.52,13.827],[36,0],[46.75,-17.733],[-15.882,-89.458],[0,0],[0,0],[-5.115,63.942],[12.29,29.342]],"o":[[-24.481,-17.341],[-36.691,0],[-31.435,11.924],[13.415,75.558],[0,0],[0,0],[9.911,-7.996],[-24.206,-57.789]],"v":[[176,-14],[86,-18],[-14.476,-15.492],[-3.274,130.818],[13.332,248.953],[178.222,247.365],[195.766,121.691],[206.29,78.199]],"c":true}]}],"ix":2},"nm":"Path 1","mn":"ADBE Vector Shape - Group","hd":false},{"ty":"st","c":{"a":0,"k":[0.039216000426,0.325489986644,0.439215985466,1],"ix":3},"o":{"a":0,"k":100,"ix":4},"w":{"a":0,"k":0,"ix":5},"lc":1,"lj":1,"ml":4,"bm":0,"nm":"Stroke 1","mn":"ADBE Vector Graphic - Stroke","hd":false},{"ty":"fl","c":{"a":0,"k":[0.396078461292,0.925490255917,1,1],"ix":4},"o":{"a":0,"k":100,"ix":5},"r":1,"bm":0,"nm":"Fill 1","mn":"ADBE Vector Graphic - Fill","hd":false},{"ty":"tr","p":{"a":0,"k":[0,0],"ix":2},"a":{"a":0,"k":[0,0],"ix":1},"s":{"a":0,"k":[100,100],"ix":3},"r":{"a":0,"k":0,"ix":6},"o":{"a":0,"k":100,"ix":7},"sk":{"a":0,"k":0,"ix":4},"sa":{"a":0,"k":0,"ix":5},"nm":"Transform"}],"nm":"Shape 1","np":3,"cix":2,"bm":0,"ix":1,"mn":"ADBE Vector Group","hd":false}],"ip":0,"op":408,"st":0,"bm":0},{"ddd":0,"ind":6,"ty":4,"nm":"Torso Texture","parent":5,"tt":1,"sr":1,"ks":{"o":{"a":0,"k":100,"ix":11},"r":{"a":0,"k":0,"ix":10},"p":{"a":1,"k":[{"i":{"x":0.208,"y":1},"o":{"x":0.492,"y":0},"t":0,"s":[126.776,133.524,0],"to":[0,0,0],"ti":[0,0,0]},{"i":{"x":0.667,"y":1},"o":{"x":0.492,"y":0},"t":12,"s":[278.389,133.524,0],"to":[0,0,0],"ti":[0,0,0]},{"i":{"x":0.208,"y":1},"o":{"x":0.492,"y":0},"t":24,"s":[126.776,133.524,0],"to":[0,0,0],"ti":[0,0,0]},{"i":{"x":0.208,"y":1},"o":{"x":0.492,"y":0},"t":36,"s":[278.389,133.524,0],"to":[0,0,0],"ti":[0,0,0]},{"t":48,"s":[126.776,133.524,0]}],"ix":2},"a":{"a":0,"k":[58,-126,0],"ix":1},"s":{"a":0,"k":[158.73,158.73,100],"ix":6}},"ao":0,"shapes":[{"ty":"gr","it":[{"ind":0,"ty":"sh","ix":1,"ks":{"a":0,"k":{"i":[[0,0],[0,0],[1.998,-33.085],[-6.592,0],[-17.783,0],[0,0],[0,0],[-57.264,0],[-1.205,37.803],[0,0],[0,0],[-23,2],[0,0],[0,0],[-20,-31],[0,0],[0,0]],"o":[[0,0],[0,0],[-2.181,36.119],[12.631,0],[17.783,0],[0,0],[0,0],[13.038,0],[0.778,-24.401],[0,0],[0,0],[23,-2],[0,0],[0,0],[16.009,24.814],[0,0],[0,0]],"v":[[178,-260],[-152.855,-260.842],[-204.527,-60.974],[-154.383,-122.166],[-142.261,-122.677],[-100.757,-228.737],[-55.797,-228.389],[-40.984,-128.215],[9.286,-189.307],[-16.323,-236.246],[6.453,-236.936],[50.305,-198.601],[52,-236],[58,-236],[96,-189],[156,-134],[178,-142]],"c":true},"ix":2},"nm":"Path 1","mn":"ADBE Vector Shape - Group","hd":false},{"ty":"st","c":{"a":0,"k":[0.039215686275,0.325490196078,0.439215716194,1],"ix":3},"o":{"a":0,"k":100,"ix":4},"w":{"a":0,"k":0,"ix":5},"lc":1,"lj":1,"ml":4,"bm":0,"nm":"Stroke 1","mn":"ADBE Vector Graphic - Stroke","hd":false},{"ty":"fl","c":{"a":0,"k":[1,0.623529411765,0.6,1],"ix":4},"o":{"a":0,"k":100,"ix":5},"r":1,"bm":0,"nm":"Fill 1","mn":"ADBE Vector Graphic - Fill","hd":false},{"ty":"tr","p":{"a":0,"k":[0,0],"ix":2},"a":{"a":0,"k":[0,0],"ix":1},"s":{"a":0,"k":[100,100],"ix":3},"r":{"a":0,"k":0,"ix":6},"o":{"a":0,"k":100,"ix":7},"sk":{"a":0,"k":0,"ix":4},"sa":{"a":0,"k":0,"ix":5},"nm":"Transform"}],"nm":"Shape 1","np":3,"cix":2,"bm":0,"ix":1,"mn":"ADBE Vector Group","hd":false},{"ty":"gr","it":[{"ty":"rc","d":1,"s":{"a":0,"k":[362,202],"ix":2},"p":{"a":0,"k":[0,0],"ix":3},"r":{"a":0,"k":0,"ix":4},"nm":"Rectangle Path 1","mn":"ADBE Vector Shape - Rect","hd":false},{"ty":"st","c":{"a":0,"k":[0.039216000426,0.325489986644,0.439215985466,1],"ix":3},"o":{"a":0,"k":100,"ix":4},"w":{"a":0,"k":0,"ix":5},"lc":1,"lj":1,"ml":4,"bm":0,"nm":"Stroke 1","mn":"ADBE Vector Graphic - Stroke","hd":false},{"ty":"fl","c":{"a":0,"k":[0.396078461292,0.925490255917,1,1],"ix":4},"o":{"a":0,"k":100,"ix":5},"r":1,"bm":0,"nm":"Fill 1","mn":"ADBE Vector Graphic - Fill","hd":false},{"ty":"tr","p":{"a":0,"k":[40,-163],"ix":2},"a":{"a":0,"k":[0,0],"ix":1},"s":{"a":0,"k":[115.667,136.717],"ix":3},"r":{"a":0,"k":0,"ix":6},"o":{"a":0,"k":100,"ix":7},"sk":{"a":0,"k":0,"ix":4},"sa":{"a":0,"k":0,"ix":5},"nm":"Transform"}],"nm":"Rectangle 1","np":3,"cix":2,"bm":0,"ix":2,"mn":"ADBE Vector Group","hd":false}],"ip":0,"op":408,"st":0,"bm":0},{"ddd":0,"ind":7,"ty":4,"nm":"Waist","parent":4,"td":1,"sr":1,"ks":{"o":{"a":0,"k":100,"ix":11},"r":{"a":0,"k":7,"ix":10},"p":{"a":0,"k":[58.789,-702.144,0],"ix":2},"a":{"a":0,"k":[52.757,336.04,0],"ix":1},"s":{"a":0,"k":[100,100,100],"ix":6}},"ao":0,"shapes":[{"ty":"gr","it":[{"ind":0,"ty":"sh","ix":1,"ks":{"a":0,"k":{"i":[[0,0],[0,0],[30,-64],[-82,0],[-11.016,119.111]],"o":[[0,0],[0,0],[-30,64],[37.787,0],[12.39,-133.965]],"v":[[128,140],[-36,140],[-55.429,255.016],[27.397,385.397],[135.651,266.825]],"c":true},"ix":2},"nm":"Path 1","mn":"ADBE Vector Shape - Group","hd":false},{"ty":"st","c":{"a":0,"k":[0.039216000426,0.325489986644,0.439215985466,1],"ix":3},"o":{"a":0,"k":100,"ix":4},"w":{"a":0,"k":0,"ix":5},"lc":1,"lj":1,"ml":4,"bm":0,"nm":"Stroke 1","mn":"ADBE Vector Graphic - Stroke","hd":false},{"ty":"fl","c":{"a":0,"k":[0.396078461292,0.925490255917,1,1],"ix":4},"o":{"a":0,"k":100,"ix":5},"r":1,"bm":0,"nm":"Fill 1","mn":"ADBE Vector Graphic - Fill","hd":false},{"ty":"tr","p":{"a":0,"k":[0,0],"ix":2},"a":{"a":0,"k":[0,0],"ix":1},"s":{"a":0,"k":[100,100],"ix":3},"r":{"a":0,"k":0,"ix":6},"o":{"a":0,"k":100,"ix":7},"sk":{"a":0,"k":0,"ix":4},"sa":{"a":0,"k":0,"ix":5},"nm":"Transform"}],"nm":"Shape 1","np":3,"cix":2,"bm":0,"ix":1,"mn":"ADBE Vector Group","hd":false}],"ip":0,"op":408,"st":0,"bm":0},{"ddd":0,"ind":8,"ty":4,"nm":"Waist Texture","parent":7,"tt":1,"sr":1,"ks":{"o":{"a":0,"k":100,"ix":11},"r":{"a":0,"k":0,"ix":10},"p":{"a":0,"k":[61.143,201.81,0],"ix":2},"a":{"a":0,"k":[0,0,0],"ix":1},"s":{"a":0,"k":[158.73,158.73,100],"ix":6}},"ao":0,"shapes":[{"ty":"gr","it":[{"ind":0,"ty":"sh","ix":1,"ks":{"a":0,"k":{"i":[[42,12],[0,0],[0,0],[0,0],[24,4],[44,0]],"o":[[-42,-12],[0,0],[0,0],[0,0],[-24,-4],[-44,0]],"v":[[-22,14],[-104,26],[-112,148],[202,148],[194,28],[108,38]],"c":true},"ix":2},"nm":"Path 1","mn":"ADBE Vector Shape - Group","hd":false},{"ty":"st","c":{"a":0,"k":[0.039216000426,0.325489986644,0.439215985466,1],"ix":3},"o":{"a":0,"k":100,"ix":4},"w":{"a":0,"k":0,"ix":5},"lc":1,"lj":1,"ml":4,"bm":0,"nm":"Stroke 1","mn":"ADBE Vector Graphic - Stroke","hd":false},{"ty":"fl","c":{"a":0,"k":[0.039215686275,0.325490196078,0.439215716194,1],"ix":4},"o":{"a":0,"k":100,"ix":5},"r":1,"bm":0,"nm":"Fill 1","mn":"ADBE Vector Graphic - Fill","hd":false},{"ty":"tr","p":{"a":0,"k":[0,0],"ix":2},"a":{"a":0,"k":[0,0],"ix":1},"s":{"a":0,"k":[100,100],"ix":3},"r":{"a":0,"k":0,"ix":6},"o":{"a":0,"k":100,"ix":7},"sk":{"a":0,"k":0,"ix":4},"sa":{"a":0,"k":0,"ix":5},"nm":"Transform"}],"nm":"Shape 1","np":3,"cix":2,"bm":0,"ix":1,"mn":"ADBE Vector Group","hd":false},{"ty":"gr","it":[{"ty":"rc","d":1,"s":{"a":0,"k":[242,178],"ix":2},"p":{"a":0,"k":[0,0],"ix":3},"r":{"a":0,"k":0,"ix":4},"nm":"Rectangle Path 1","mn":"ADBE Vector Shape - Rect","hd":false},{"ty":"st","c":{"a":0,"k":[0.039216000426,0.325489986644,0.439215985466,1],"ix":3},"o":{"a":0,"k":100,"ix":4},"w":{"a":0,"k":0,"ix":5},"lc":1,"lj":1,"ml":4,"bm":0,"nm":"Stroke 1","mn":"ADBE Vector Graphic - Stroke","hd":false},{"ty":"fl","c":{"a":0,"k":[0.396078461292,0.925490255917,1,1],"ix":4},"o":{"a":0,"k":100,"ix":5},"r":1,"bm":0,"nm":"Fill 1","mn":"ADBE Vector Graphic - Fill","hd":false},{"ty":"tr","p":{"a":0,"k":[19,33],"ix":2},"a":{"a":0,"k":[0,0],"ix":1},"s":{"a":0,"k":[100,100],"ix":3},"r":{"a":0,"k":0,"ix":6},"o":{"a":0,"k":100,"ix":7},"sk":{"a":0,"k":0,"ix":4},"sa":{"a":0,"k":0,"ix":5},"nm":"Transform"}],"nm":"Rectangle 1","np":3,"cix":2,"bm":0,"ix":2,"mn":"ADBE Vector Group","hd":false}],"ip":0,"op":408,"st":0,"bm":0},{"ddd":0,"ind":9,"ty":4,"nm":"Calf R","parent":10,"sr":1,"ks":{"o":{"a":0,"k":100,"ix":11},"r":{"a":1,"k":[{"i":{"x":[0.833],"y":[1.015]},"o":{"x":[0.848],"y":[-0.077]},"t":0,"s":[22]},{"i":{"x":[0.678],"y":[1.134]},"o":{"x":[0.397],"y":[0.016]},"t":4.5,"s":[45]},{"i":{"x":[0.381],"y":[1.029]},"o":{"x":[0.178],"y":[0.088]},"t":6.75,"s":[18.87]},{"i":{"x":[0.667],"y":[1]},"o":{"x":[0.574],"y":[0]},"t":15.36,"s":[102.775]},{"i":{"x":[0.833],"y":[1.015]},"o":{"x":[0.848],"y":[-0.077]},"t":24,"s":[22]},{"i":{"x":[0.678],"y":[1.134]},"o":{"x":[0.397],"y":[0.016]},"t":28.5,"s":[45]},{"i":{"x":[0.381],"y":[1.029]},"o":{"x":[0.178],"y":[0.088]},"t":30.75,"s":[18.87]},{"i":{"x":[0.485],"y":[0.974]},"o":{"x":[0.574],"y":[0]},"t":39.36,"s":[102.775]},{"t":48,"s":[22]}],"ix":10},"p":{"a":0,"k":[4.5,266,0],"ix":2},"a":{"a":0,"k":[4.5,273,0],"ix":1},"s":{"a":0,"k":[100,100,100],"ix":6}},"ao":0,"shapes":[{"ty":"gr","it":[{"ty":"gr","it":[{"ind":0,"ty":"sh","ix":1,"ks":{"a":0,"k":{"i":[[14.979,0.293],[6.913,-4.938],[0,0],[0,0],[-46,10],[3.024,14.616],[20,10]],"o":[[-8.715,-0.171],[-7.868,5.62],[0,0],[0,0],[46,-10],[-3.076,-14.866],[-20,-10]],"v":[[36,518],[23.581,534.013],[-2,542],[-8,581],[85,571],[134,549],[75,537]],"c":true},"ix":2},"nm":"Path 1","mn":"ADBE Vector Shape - Group","hd":false},{"ty":"st","c":{"a":0,"k":[0.039216000426,0.325489986644,0.439215985466,1],"ix":3},"o":{"a":0,"k":100,"ix":4},"w":{"a":0,"k":0,"ix":5},"lc":1,"lj":1,"ml":4,"bm":0,"nm":"Stroke 1","mn":"ADBE Vector Graphic - Stroke","hd":false},{"ty":"fl","c":{"a":0,"k":[1,0.298039215686,0.521568627451,1],"ix":4},"o":{"a":0,"k":100,"ix":5},"r":1,"bm":0,"nm":"Fill 1","mn":"ADBE Vector Graphic - Fill","hd":false},{"ty":"tr","p":{"a":0,"k":[16.549,531.737],"ix":2},"a":{"a":0,"k":[16.549,531.737],"ix":1},"s":{"a":0,"k":[100,100],"ix":3},"r":{"a":0,"k":0,"ix":6},"o":{"a":0,"k":100,"ix":7},"sk":{"a":0,"k":0,"ix":4},"sa":{"a":0,"k":0,"ix":5},"nm":"Transform"}],"nm":"Shape 4","np":3,"cix":2,"bm":0,"ix":1,"mn":"ADBE Vector Group","hd":false},{"ty":"gr","it":[{"ind":0,"ty":"sh","ix":1,"ks":{"a":0,"k":{"i":[[5.566,3.5],[0,0],[-16.028,-11.539],[-19.422,3.194],[-7.689,9.707]],"o":[[-5.566,-3.5],[0,0],[16.028,11.539],[19.422,-3.194],[7.689,-9.707]],"v":[[136.024,546.674],[3.623,571.156],[-1.834,594.05],[61.19,585.624],[138.93,563.313]],"c":true},"ix":2},"nm":"Path 1","mn":"ADBE Vector Shape - Group","hd":false},{"ty":"st","c":{"a":0,"k":[0.125490196078,0.61568627451,0.811764765721,1],"ix":3},"o":{"a":0,"k":100,"ix":4},"w":{"a":0,"k":4,"ix":5},"lc":1,"lj":1,"ml":4,"bm":0,"nm":"Stroke 1","mn":"ADBE Vector Graphic - Stroke","hd":false},{"ty":"fl","c":{"a":0,"k":[1,1,1,1],"ix":4},"o":{"a":0,"k":100,"ix":5},"r":1,"bm":0,"nm":"Fill 1","mn":"ADBE Vector Graphic - Fill","hd":false},{"ty":"tr","p":{"a":0,"k":[0,0],"ix":2},"a":{"a":0,"k":[0,0],"ix":1},"s":{"a":0,"k":[100,100],"ix":3},"r":{"a":0,"k":0,"ix":6},"o":{"a":0,"k":100,"ix":7},"sk":{"a":0,"k":0,"ix":4},"sa":{"a":0,"k":0,"ix":5},"nm":"Transform"}],"nm":"Shape 5","np":3,"cix":2,"bm":0,"ix":2,"mn":"ADBE Vector Group","hd":false},{"ty":"gr","it":[{"ty":"tr","p":{"a":0,"k":[0,0],"ix":2},"a":{"a":0,"k":[0,0],"ix":1},"s":{"a":0,"k":[100,100],"ix":3},"r":{"a":0,"k":0,"ix":6},"o":{"a":0,"k":100,"ix":7},"sk":{"a":0,"k":0,"ix":4},"sa":{"a":0,"k":0,"ix":5},"nm":"Transform"}],"nm":"Group 1","np":0,"cix":2,"bm":0,"ix":3,"mn":"ADBE Vector Group","hd":false},{"ty":"tr","p":{"a":0,"k":[15.183,531.618],"ix":2},"a":{"a":0,"k":[15.183,531.618],"ix":1},"s":{"a":0,"k":[100,100],"ix":3},"r":{"a":1,"k":[{"i":{"x":[0.833],"y":[0.647]},"o":{"x":[0.167],"y":[0.057]},"t":0,"s":[-13]},{"i":{"x":[0.564],"y":[1.996]},"o":{"x":[0.183],"y":[-0.227]},"t":3.84,"s":[-2]},{"i":{"x":[0.841],"y":[0.981]},"o":{"x":[0.379],"y":[0.106]},"t":5.76,"s":[-11.367]},{"i":{"x":[0.666],"y":[0.945]},"o":{"x":[0.167],"y":[0.454]},"t":6.75,"s":[27.924]},{"i":{"x":[0.667],"y":[1]},"o":{"x":[0.329],"y":[-0.023]},"t":12,"s":[37.175]},{"i":{"x":[0.833],"y":[0.647]},"o":{"x":[0.167],"y":[0.057]},"t":24,"s":[-13]},{"i":{"x":[0.564],"y":[1.996]},"o":{"x":[0.183],"y":[-0.227]},"t":27.84,"s":[-2]},{"i":{"x":[0.841],"y":[0.981]},"o":{"x":[0.379],"y":[0.106]},"t":29.76,"s":[-11.367]},{"i":{"x":[0.666],"y":[0.945]},"o":{"x":[0.167],"y":[0.454]},"t":30.75,"s":[27.924]},{"i":{"x":[0.091],"y":[1]},"o":{"x":[0.329],"y":[-0.023]},"t":36,"s":[37.175]},{"t":48,"s":[-13]}],"ix":6},"o":{"a":0,"k":100,"ix":7},"sk":{"a":0,"k":0,"ix":4},"sa":{"a":0,"k":0,"ix":5},"nm":"Transform"}],"nm":"Group 2","np":3,"cix":2,"bm":0,"ix":1,"mn":"ADBE Vector Group","hd":false},{"ty":"gr","it":[{"ty":"gr","it":[{"ind":0,"ty":"sh","ix":1,"ks":{"a":0,"k":{"i":[[0,0],[-2.1,-23.277],[0,0],[0,0],[0,0]],"o":[[0,0],[0.985,10.921],[0,0],[0,0],[0,0]],"v":[[-24,274],[-29,359],[-24.809,395.11],[33.113,392.001],[34,274]],"c":true},"ix":2},"nm":"Path 1","mn":"ADBE Vector Shape - Group","hd":false},{"ty":"st","c":{"a":0,"k":[0.039216000426,0.325489986644,0.439215985466,1],"ix":3},"o":{"a":0,"k":100,"ix":4},"w":{"a":0,"k":0,"ix":5},"lc":1,"lj":1,"ml":4,"bm":0,"nm":"Stroke 1","mn":"ADBE Vector Graphic - Stroke","hd":false},{"ty":"fl","c":{"a":0,"k":[0.039215686275,0.325490196078,0.439215716194,1],"ix":4},"o":{"a":0,"k":100,"ix":5},"r":1,"bm":0,"nm":"Fill 1","mn":"ADBE Vector Graphic - Fill","hd":false},{"ty":"tr","p":{"a":0,"k":[0,0],"ix":2},"a":{"a":0,"k":[0,0],"ix":1},"s":{"a":0,"k":[100,100],"ix":3},"r":{"a":0,"k":0,"ix":6},"o":{"a":0,"k":100,"ix":7},"sk":{"a":0,"k":0,"ix":4},"sa":{"a":0,"k":0,"ix":5},"nm":"Transform"}],"nm":"Shape 2","np":3,"cix":2,"bm":0,"ix":1,"mn":"ADBE Vector Group","hd":false},{"ty":"gr","it":[{"ind":0,"ty":"sh","ix":1,"ks":{"a":0,"k":{"i":[[0,0],[-2.1,-23.277],[0,0],[0,0],[0,0]],"o":[[0,0],[5.93,65.73],[0,0],[0,0],[0,0]],"v":[[-22.876,281.894],[-29,359],[1.149,549.377],[32,540],[33.554,276.975]],"c":true},"ix":2},"nm":"Path 1","mn":"ADBE Vector Shape - Group","hd":false},{"ty":"st","c":{"a":0,"k":[0.039216000426,0.325489986644,0.439215985466,1],"ix":3},"o":{"a":0,"k":100,"ix":4},"w":{"a":0,"k":0,"ix":5},"lc":1,"lj":1,"ml":4,"bm":0,"nm":"Stroke 1","mn":"ADBE Vector Graphic - Stroke","hd":false},{"ty":"fl","c":{"a":0,"k":[1,0.623529411765,0.6,1],"ix":4},"o":{"a":0,"k":100,"ix":5},"r":1,"bm":0,"nm":"Fill 1","mn":"ADBE Vector Graphic - Fill","hd":false},{"ty":"tr","p":{"a":0,"k":[0,0],"ix":2},"a":{"a":0,"k":[0,0],"ix":1},"s":{"a":0,"k":[100,100],"ix":3},"r":{"a":0,"k":0,"ix":6},"o":{"a":0,"k":100,"ix":7},"sk":{"a":0,"k":0,"ix":4},"sa":{"a":0,"k":0,"ix":5},"nm":"Transform"}],"nm":"Shape 1","np":3,"cix":2,"bm":0,"ix":2,"mn":"ADBE Vector Group","hd":false},{"ty":"gr","it":[{"d":1,"ty":"el","s":{"a":0,"k":[58,58],"ix":2},"p":{"a":0,"k":[0,0],"ix":3},"nm":"Ellipse Path 1","mn":"ADBE Vector Shape - Ellipse","hd":false},{"ty":"st","c":{"a":0,"k":[0.039216000426,0.325489986644,0.439215985466,1],"ix":3},"o":{"a":0,"k":100,"ix":4},"w":{"a":0,"k":0,"ix":5},"lc":1,"lj":1,"ml":4,"bm":0,"nm":"Stroke 1","mn":"ADBE Vector Graphic - Stroke","hd":false},{"ty":"fl","c":{"a":0,"k":[0.039215686275,0.325490196078,0.439215716194,1],"ix":4},"o":{"a":0,"k":100,"ix":5},"r":1,"bm":0,"nm":"Fill 1","mn":"ADBE Vector Graphic - Fill","hd":false},{"ty":"tr","p":{"a":0,"k":[4.5,274.5],"ix":2},"a":{"a":0,"k":[0,0],"ix":1},"s":{"a":0,"k":[100,100],"ix":3},"r":{"a":0,"k":0,"ix":6},"o":{"a":0,"k":100,"ix":7},"sk":{"a":0,"k":0,"ix":4},"sa":{"a":0,"k":0,"ix":5},"nm":"Transform"}],"nm":"Ellipse 1","np":3,"cix":2,"bm":0,"ix":3,"mn":"ADBE Vector Group","hd":false},{"ty":"tr","p":{"a":0,"k":[2.306,392.75],"ix":2},"a":{"a":0,"k":[2.306,392.75],"ix":1},"s":{"a":0,"k":[100,100],"ix":3},"r":{"a":0,"k":0,"ix":6},"o":{"a":0,"k":100,"ix":7},"sk":{"a":0,"k":0,"ix":4},"sa":{"a":0,"k":0,"ix":5},"nm":"Transform"}],"nm":"Group 1","np":3,"cix":2,"bm":0,"ix":2,"mn":"ADBE Vector Group","hd":false}],"ip":0,"op":408,"st":0,"bm":0},{"ddd":0,"ind":10,"ty":4,"nm":"Thigh R","parent":7,"sr":1,"ks":{"o":{"a":0,"k":100,"ix":11},"r":{"a":1,"k":[{"i":{"x":[0.122],"y":[1]},"o":{"x":[0.835],"y":[0]},"t":0,"s":[-38]},{"i":{"x":[0.833],"y":[0.938]},"o":{"x":[0.64],"y":[0]},"t":12,"s":[14]},{"i":{"x":[0.667],"y":[1]},"o":{"x":[0.167],"y":[-0.241]},"t":18,"s":[-56]},{"i":{"x":[0.122],"y":[1]},"o":{"x":[0.835],"y":[0]},"t":24,"s":[-38]},{"i":{"x":[0.833],"y":[0.938]},"o":{"x":[0.64],"y":[0]},"t":36,"s":[14]},{"i":{"x":[0.226],"y":[1]},"o":{"x":[0.167],"y":[-0.241]},"t":42,"s":[-56]},{"t":48,"s":[-38]}],"ix":10},"p":{"a":0,"k":[25.043,319.213,0],"ix":2},"a":{"a":0,"k":[-3,52,0],"ix":1},"s":{"a":0,"k":[158.73,158.73,100],"ix":6}},"ao":0,"shapes":[{"ty":"gr","it":[{"d":1,"ty":"el","s":{"a":0,"k":[98,98],"ix":2},"p":{"a":0,"k":[0,0],"ix":3},"nm":"Ellipse Path 1","mn":"ADBE Vector Shape - Ellipse","hd":false},{"ty":"st","c":{"a":0,"k":[0.039216000426,0.325489986644,0.439215985466,1],"ix":3},"o":{"a":0,"k":100,"ix":4},"w":{"a":0,"k":0,"ix":5},"lc":1,"lj":1,"ml":4,"bm":0,"nm":"Stroke 1","mn":"ADBE Vector Graphic - Stroke","hd":false},{"ty":"fl","c":{"a":0,"k":[0.039215686275,0.325490196078,0.439215716194,1],"ix":4},"o":{"a":0,"k":100,"ix":5},"r":1,"bm":0,"nm":"Fill 1","mn":"ADBE Vector Graphic - Fill","hd":false},{"ty":"tr","p":{"a":0,"k":[-3,53],"ix":2},"a":{"a":0,"k":[0,0],"ix":1},"s":{"a":0,"k":[100,100],"ix":3},"r":{"a":0,"k":0,"ix":6},"o":{"a":0,"k":100,"ix":7},"sk":{"a":0,"k":0,"ix":4},"sa":{"a":0,"k":0,"ix":5},"nm":"Transform"}],"nm":"Ellipse 1","np":3,"cix":2,"bm":0,"ix":1,"mn":"ADBE Vector Group","hd":false},{"ty":"gr","it":[{"ind":0,"ty":"sh","ix":1,"ks":{"a":0,"k":{"i":[[0,0],[0,0],[0,0],[0,0]],"o":[[0,0],[0,0],[0,0],[0,0]],"v":[[-52,52],[-24,266],[34,266],[46,54]],"c":true},"ix":2},"nm":"Path 1","mn":"ADBE Vector Shape - Group","hd":false},{"ty":"st","c":{"a":0,"k":[0.039216000426,0.325489986644,0.439215985466,1],"ix":3},"o":{"a":0,"k":100,"ix":4},"w":{"a":0,"k":0,"ix":5},"lc":1,"lj":1,"ml":4,"bm":0,"nm":"Stroke 1","mn":"ADBE Vector Graphic - Stroke","hd":false},{"ty":"fl","c":{"a":0,"k":[0.039215686275,0.325490196078,0.439215716194,1],"ix":4},"o":{"a":0,"k":100,"ix":5},"r":1,"bm":0,"nm":"Fill 1","mn":"ADBE Vector Graphic - Fill","hd":false},{"ty":"tr","p":{"a":0,"k":[0,0],"ix":2},"a":{"a":0,"k":[0,0],"ix":1},"s":{"a":0,"k":[100,100],"ix":3},"r":{"a":0,"k":0,"ix":6},"o":{"a":0,"k":100,"ix":7},"sk":{"a":0,"k":0,"ix":4},"sa":{"a":0,"k":0,"ix":5},"nm":"Transform"}],"nm":"Shape 1","np":3,"cix":2,"bm":0,"ix":2,"mn":"ADBE Vector Group","hd":false}],"ip":0,"op":408,"st":0,"bm":0},{"ddd":0,"ind":11,"ty":4,"nm":"Ear","parent":13,"sr":1,"ks":{"o":{"a":0,"k":100,"ix":11},"r":{"a":0,"k":0,"ix":10},"p":{"a":0,"k":[-44.5,-105.25,0],"ix":2},"a":{"a":0,"k":[-44.5,-105.25,0],"ix":1},"s":{"a":0,"k":[100,100,100],"ix":6}},"ao":0,"shapes":[{"ty":"gr","it":[{"d":1,"ty":"el","s":{"a":0,"k":[52.5,52.5],"ix":2},"p":{"a":0,"k":[0,0],"ix":3},"nm":"Ellipse Path 1","mn":"ADBE Vector Shape - Ellipse","hd":false},{"ty":"st","c":{"a":0,"k":[0.039216000426,0.325489986644,0.439215985466,1],"ix":3},"o":{"a":0,"k":100,"ix":4},"w":{"a":0,"k":0,"ix":5},"lc":1,"lj":1,"ml":4,"bm":0,"nm":"Stroke 1","mn":"ADBE Vector Graphic - Stroke","hd":false},{"ty":"fl","c":{"a":0,"k":[1,0.623529411765,0.6,1],"ix":4},"o":{"a":0,"k":100,"ix":5},"r":1,"bm":0,"nm":"Fill 1","mn":"ADBE Vector Graphic - Fill","hd":false},{"ty":"tr","p":{"a":0,"k":[-70.75,-105.25],"ix":2},"a":{"a":0,"k":[0,0],"ix":1},"s":{"a":0,"k":[100,100],"ix":3},"r":{"a":0,"k":0,"ix":6},"o":{"a":0,"k":100,"ix":7},"sk":{"a":0,"k":0,"ix":4},"sa":{"a":0,"k":0,"ix":5},"nm":"Transform"}],"nm":"Ellipse 1","np":3,"cix":2,"bm":0,"ix":1,"mn":"ADBE Vector Group","hd":false}],"ip":0,"op":408,"st":0,"bm":0},{"ddd":0,"ind":12,"ty":4,"nm":"Hair","parent":13,"sr":1,"ks":{"o":{"a":0,"k":100,"ix":11},"r":{"a":1,"k":[{"i":{"x":[0.833],"y":[1]},"o":{"x":[1],"y":[0]},"t":0,"s":[-12]},{"i":{"x":[0.049],"y":[1]},"o":{"x":[0.167],"y":[0]},"t":6.72,"s":[-48]},{"i":{"x":[0.833],"y":[1]},"o":{"x":[1],"y":[0]},"t":12,"s":[-12]},{"i":{"x":[0.833],"y":[0.833]},"o":{"x":[0.167],"y":[0]},"t":18.72,"s":[-48]},{"i":{"x":[0.833],"y":[1]},"o":{"x":[1],"y":[0]},"t":24,"s":[-12]},{"i":{"x":[0.049],"y":[1]},"o":{"x":[0.167],"y":[0]},"t":30.72,"s":[-48]},{"i":{"x":[0.833],"y":[1]},"o":{"x":[1],"y":[0]},"t":36,"s":[-12]},{"i":{"x":[0],"y":[1]},"o":{"x":[0.167],"y":[0]},"t":42.72,"s":[-48]},{"t":48,"s":[-12]}],"ix":10},"p":{"a":0,"k":[-22.206,-129.989,0],"ix":2},"a":{"a":0,"k":[-38.982,-167.084,0],"ix":1},"s":{"a":0,"k":[110,110,100],"ix":6}},"ao":0,"shapes":[{"ty":"gr","it":[{"d":1,"ty":"el","s":{"a":0,"k":[141,141],"ix":2},"p":{"a":0,"k":[0,0],"ix":3},"nm":"Ellipse Path 1","mn":"ADBE Vector Shape - Ellipse","hd":false},{"ty":"st","c":{"a":0,"k":[0.039216000426,0.325489986644,0.439215985466,1],"ix":3},"o":{"a":0,"k":100,"ix":4},"w":{"a":0,"k":0,"ix":5},"lc":1,"lj":1,"ml":4,"bm":0,"nm":"Stroke 1","mn":"ADBE Vector Graphic - Stroke","hd":false},{"ty":"fl","c":{"a":0,"k":[0.039215686275,0.325490196078,0.439215716194,1],"ix":4},"o":{"a":0,"k":100,"ix":5},"r":1,"bm":0,"nm":"Fill 1","mn":"ADBE Vector Graphic - Fill","hd":false},{"ty":"tr","p":{"a":0,"k":[-147,-223.5],"ix":2},"a":{"a":0,"k":[0,0],"ix":1},"s":{"a":0,"k":[100,100],"ix":3},"r":{"a":0,"k":0,"ix":6},"o":{"a":0,"k":100,"ix":7},"sk":{"a":0,"k":0,"ix":4},"sa":{"a":0,"k":0,"ix":5},"nm":"Transform"}],"nm":"Ellipse 1","np":3,"cix":2,"bm":0,"ix":1,"mn":"ADBE Vector Group","hd":false}],"ip":0,"op":408,"st":0,"bm":0},{"ddd":0,"ind":13,"ty":4,"nm":"Head","parent":15,"td":1,"sr":1,"ks":{"o":{"a":0,"k":100,"ix":11},"r":{"a":0,"k":9,"ix":10},"p":{"a":0,"k":[114,-77,0],"ix":2},"a":{"a":0,"k":[-42.5,-77,0],"ix":1},"s":{"a":0,"k":[100,100,100],"ix":6}},"ao":0,"shapes":[{"ty":"gr","it":[{"ind":0,"ty":"sh","ix":1,"ks":{"a":0,"k":{"i":[[40,19.5],[8.392,-82.312],[0,0],[-24.5,-5.5],[-11,6.5],[17.5,7],[-6.5,21.5]],"o":[[-40,-19.5],[-8.144,79.883],[0,0],[24.5,5.5],[11,-6.5],[-17.5,-7],[6.5,-21.5]],"v":[[11,-227],[-110.603,-167.428],[-60,-80.5],[-16,-59.5],[36,-56],[52,-118.5],[44.5,-149.5]],"c":true},"ix":2},"nm":"Path 1","mn":"ADBE Vector Shape - Group","hd":false},{"ty":"st","c":{"a":0,"k":[0.039216000426,0.325489986644,0.439215985466,1],"ix":3},"o":{"a":0,"k":100,"ix":4},"w":{"a":0,"k":0,"ix":5},"lc":1,"lj":1,"ml":4,"bm":0,"nm":"Stroke 1","mn":"ADBE Vector Graphic - Stroke","hd":false},{"ty":"fl","c":{"a":0,"k":[0.063483002607,0.599123008578,0.674509983437,1],"ix":4},"o":{"a":0,"k":100,"ix":5},"r":1,"bm":0,"nm":"Fill 1","mn":"ADBE Vector Graphic - Fill","hd":false},{"ty":"tr","p":{"a":0,"k":[0,0],"ix":2},"a":{"a":0,"k":[0,0],"ix":1},"s":{"a":0,"k":[100,100],"ix":3},"r":{"a":0,"k":0,"ix":6},"o":{"a":0,"k":100,"ix":7},"sk":{"a":0,"k":0,"ix":4},"sa":{"a":0,"k":0,"ix":5},"nm":"Transform"}],"nm":"Shape 1","np":3,"cix":2,"bm":0,"ix":1,"mn":"ADBE Vector Group","hd":false}],"ip":0,"op":408,"st":0,"bm":0},{"ddd":0,"ind":14,"ty":4,"nm":"Face","parent":13,"tt":1,"sr":1,"ks":{"o":{"a":0,"k":100,"ix":11},"r":{"a":0,"k":0,"ix":10},"p":{"a":0,"k":[-156.5,0,0],"ix":2},"a":{"a":0,"k":[0,0,0],"ix":1},"s":{"a":0,"k":[100,100,100],"ix":6}},"ao":0,"shapes":[{"ty":"gr","it":[{"ty":"gr","it":[{"ty":"rc","d":1,"s":{"a":1,"k":[{"i":{"x":[0.833,0.833],"y":[1,1]},"o":{"x":[0.636,0.622],"y":[0,0]},"t":0,"s":[19.705,28.654]},{"i":{"x":[0.387,0.4],"y":[1,1]},"o":{"x":[0.167,0.167],"y":[0,0]},"t":5.76,"s":[28.654,5]},{"i":{"x":[0.833,0.833],"y":[1,1]},"o":{"x":[0.636,0.622],"y":[0,0]},"t":12,"s":[19.705,28.654]},{"i":{"x":[0.667,0.667],"y":[1,1]},"o":{"x":[0.167,0.167],"y":[0,0]},"t":17.76,"s":[28.654,5]},{"i":{"x":[0.833,0.833],"y":[1,1]},"o":{"x":[0.636,0.622],"y":[0,0]},"t":24,"s":[19.705,28.654]},{"i":{"x":[0.387,0.4],"y":[1,1]},"o":{"x":[0.167,0.167],"y":[0,0]},"t":29.76,"s":[28.654,5]},{"i":{"x":[0.833,0.833],"y":[1,1]},"o":{"x":[0.636,0.622],"y":[0,0]},"t":36,"s":[19.705,28.654]},{"i":{"x":[0.387,0.4],"y":[1,1]},"o":{"x":[0.167,0.167],"y":[0,0]},"t":41.76,"s":[28.654,5]},{"t":48,"s":[19.705,28.654]}],"ix":2},"p":{"a":0,"k":[0,0],"ix":3},"r":{"a":0,"k":20,"ix":4},"nm":"Rectangle Path 1","mn":"ADBE Vector Shape - Rect","hd":false},{"ty":"st","c":{"a":0,"k":[0.164705882353,0.164705882353,0.164705882353,1],"ix":3},"o":{"a":0,"k":100,"ix":4},"w":{"a":0,"k":6,"ix":5},"lc":1,"lj":1,"ml":4,"bm":0,"nm":"Stroke 1","mn":"ADBE Vector Graphic - Stroke","hd":false},{"ty":"fl","c":{"a":0,"k":[0.164705882353,0.164705882353,0.164705882353,1],"ix":4},"o":{"a":0,"k":100,"ix":5},"r":1,"bm":0,"nm":"Fill 1","mn":"ADBE Vector Graphic - Fill","hd":false},{"ty":"tr","p":{"a":0,"k":[202.228,-68.363],"ix":2},"a":{"a":0,"k":[0,0],"ix":1},"s":{"a":0,"k":[100,100],"ix":3},"r":{"a":0,"k":15.99,"ix":6},"o":{"a":0,"k":100,"ix":7},"sk":{"a":0,"k":0,"ix":4},"sa":{"a":0,"k":0,"ix":5},"nm":"Transform"}],"nm":"Rectangle 1","np":3,"cix":2,"bm":0,"ix":1,"mn":"ADBE Vector Group","hd":false},{"ty":"gr","it":[{"ind":0,"ty":"sh","ix":1,"ks":{"a":0,"k":{"i":[[0,0],[0,0]],"o":[[0,0],[0,0]],"v":[[183.5,-129.5],[185.5,-142]],"c":false},"ix":2},"nm":"Path 1","mn":"ADBE Vector Shape - Group","hd":false},{"ty":"st","c":{"a":0,"k":[0.164705882353,0.164705882353,0.164705882353,1],"ix":3},"o":{"a":0,"k":100,"ix":4},"w":{"a":0,"k":10,"ix":5},"lc":2,"lj":1,"ml":4,"bm":0,"nm":"Stroke 1","mn":"ADBE Vector Graphic - Stroke","hd":false},{"ty":"fl","c":{"a":0,"k":[0.164705882353,0.164705882353,0.164705882353,1],"ix":4},"o":{"a":0,"k":100,"ix":5},"r":1,"bm":0,"nm":"Fill 1","mn":"ADBE Vector Graphic - Fill","hd":false},{"ty":"tr","p":{"a":0,"k":[0,0],"ix":2},"a":{"a":0,"k":[0,0],"ix":1},"s":{"a":0,"k":[100,100],"ix":3},"r":{"a":0,"k":0,"ix":6},"o":{"a":0,"k":100,"ix":7},"sk":{"a":0,"k":0,"ix":4},"sa":{"a":0,"k":0,"ix":5},"nm":"Transform"}],"nm":"Shape 2","np":3,"cix":2,"bm":0,"ix":2,"mn":"ADBE Vector Group","hd":false},{"ty":"tr","p":{"a":0,"k":[189,-135.75],"ix":2},"a":{"a":0,"k":[189,-135.75],"ix":1},"s":{"a":0,"k":[100,100],"ix":3},"r":{"a":0,"k":0,"ix":6},"o":{"a":0,"k":100,"ix":7},"sk":{"a":0,"k":0,"ix":4},"sa":{"a":0,"k":0,"ix":5},"nm":"Transform"}],"nm":"Group 1","np":2,"cix":2,"bm":0,"ix":1,"mn":"ADBE Vector Group","hd":false},{"ty":"gr","it":[{"ind":0,"ty":"sh","ix":1,"ks":{"a":0,"k":{"i":[[0,0],[0,0],[0,0],[-12,17],[-84.5,0],[24,28]],"o":[[0,0],[0,0],[0,0],[12,-17],[84.5,0],[-24,-28]],"v":[[22.5,-266.5],[37.5,-106],[38,-111.5],[114.5,-128],[190.5,-208],[253,-251]],"c":true},"ix":2},"nm":"Path 1","mn":"ADBE Vector Shape - Group","hd":false},{"ty":"st","c":{"a":0,"k":[0.039216000426,0.325489986644,0.439215985466,1],"ix":3},"o":{"a":0,"k":100,"ix":4},"w":{"a":0,"k":0,"ix":5},"lc":1,"lj":1,"ml":4,"bm":0,"nm":"Stroke 1","mn":"ADBE Vector Graphic - Stroke","hd":false},{"ty":"fl","c":{"a":0,"k":[0.039215686275,0.325490196078,0.439215716194,1],"ix":4},"o":{"a":0,"k":100,"ix":5},"r":1,"bm":0,"nm":"Fill 1","mn":"ADBE Vector Graphic - Fill","hd":false},{"ty":"tr","p":{"a":0,"k":[0,0],"ix":2},"a":{"a":0,"k":[0,0],"ix":1},"s":{"a":0,"k":[100,100],"ix":3},"r":{"a":0,"k":0,"ix":6},"o":{"a":0,"k":100,"ix":7},"sk":{"a":0,"k":0,"ix":4},"sa":{"a":0,"k":0,"ix":5},"nm":"Transform"}],"nm":"Shape 1","np":3,"cix":2,"bm":0,"ix":2,"mn":"ADBE Vector Group","hd":false},{"ty":"gr","it":[{"d":1,"ty":"el","s":{"a":0,"k":[208,208],"ix":2},"p":{"a":0,"k":[0,0],"ix":3},"nm":"Ellipse Path 1","mn":"ADBE Vector Shape - Ellipse","hd":false},{"ty":"st","c":{"a":0,"k":[0.039216000426,0.325489986644,0.439215985466,1],"ix":3},"o":{"a":0,"k":100,"ix":4},"w":{"a":0,"k":0,"ix":5},"lc":1,"lj":1,"ml":4,"bm":0,"nm":"Stroke 1","mn":"ADBE Vector Graphic - Stroke","hd":false},{"ty":"fl","c":{"a":0,"k":[1,0.623529411765,0.6,1],"ix":4},"o":{"a":0,"k":100,"ix":5},"r":1,"bm":0,"nm":"Fill 1","mn":"ADBE Vector Graphic - Fill","hd":false},{"ty":"tr","p":{"a":0,"k":[156.5,-143],"ix":2},"a":{"a":0,"k":[0,0],"ix":1},"s":{"a":0,"k":[100,100],"ix":3},"r":{"a":0,"k":0,"ix":6},"o":{"a":0,"k":100,"ix":7},"sk":{"a":0,"k":0,"ix":4},"sa":{"a":0,"k":0,"ix":5},"nm":"Transform"}],"nm":"Ellipse 1","np":3,"cix":2,"bm":0,"ix":3,"mn":"ADBE Vector Group","hd":false}],"ip":0,"op":408,"st":0,"bm":0},{"ddd":0,"ind":15,"ty":4,"nm":"Neck","parent":5,"sr":1,"ks":{"o":{"a":0,"k":100,"ix":11},"r":{"a":0,"k":-8,"ix":10},"p":{"a":0,"k":[92.658,-9.123,0],"ix":2},"a":{"a":0,"k":[88,-8,0],"ix":1},"s":{"a":0,"k":[100,100,100],"ix":6}},"ao":0,"shapes":[{"ty":"gr","it":[{"ind":0,"ty":"sh","ix":1,"ks":{"a":0,"k":{"i":[[0,0],[0,0],[-18,-6],[0,0],[0,0]],"o":[[0,0],[0,0],[18,6],[0,0],[0,0]],"v":[[100,-106],[68,-16],[82,6],[114,-6],[136,-90]],"c":true},"ix":2},"nm":"Path 1","mn":"ADBE Vector Shape - Group","hd":false},{"ty":"st","c":{"a":0,"k":[0.039216000426,0.325489986644,0.439215985466,1],"ix":3},"o":{"a":0,"k":100,"ix":4},"w":{"a":0,"k":0,"ix":5},"lc":1,"lj":1,"ml":4,"bm":0,"nm":"Stroke 1","mn":"ADBE Vector Graphic - Stroke","hd":false},{"ty":"fl","c":{"a":0,"k":[1,0.623529411765,0.6,1],"ix":4},"o":{"a":0,"k":100,"ix":5},"r":1,"bm":0,"nm":"Fill 1","mn":"ADBE Vector Graphic - Fill","hd":false},{"ty":"tr","p":{"a":0,"k":[0,0],"ix":2},"a":{"a":0,"k":[0,0],"ix":1},"s":{"a":0,"k":[100,100],"ix":3},"r":{"a":0,"k":0,"ix":6},"o":{"a":0,"k":100,"ix":7},"sk":{"a":0,"k":0,"ix":4},"sa":{"a":0,"k":0,"ix":5},"nm":"Transform"}],"nm":"Shape 1","np":3,"cix":2,"bm":0,"ix":1,"mn":"ADBE Vector Group","hd":false}],"ip":0,"op":408,"st":0,"bm":0},{"ddd":0,"ind":16,"ty":4,"nm":"Calf L","parent":17,"sr":1,"ks":{"o":{"a":0,"k":100,"ix":11},"r":{"a":1,"k":[{"i":{"x":[0.606],"y":[1.056]},"o":{"x":[0.333],"y":[0]},"t":0,"s":[91.871]},{"i":{"x":[0.667],"y":[1]},"o":{"x":[0.574],"y":[0]},"t":3.36,"s":[102.775]},{"i":{"x":[0.833],"y":[1.015]},"o":{"x":[0.848],"y":[-0.077]},"t":12,"s":[22]},{"i":{"x":[0.678],"y":[1.134]},"o":{"x":[0.397],"y":[0.016]},"t":16.5,"s":[45]},{"i":{"x":[0.667],"y":[1]},"o":{"x":[0.22],"y":[0.076]},"t":18.75,"s":[18.87]},{"i":{"x":[0.606],"y":[1.056]},"o":{"x":[0.333],"y":[0]},"t":24,"s":[91.871]},{"i":{"x":[0.667],"y":[1]},"o":{"x":[0.574],"y":[0]},"t":27.36,"s":[102.775]},{"i":{"x":[0.833],"y":[1.015]},"o":{"x":[0.848],"y":[-0.077]},"t":36,"s":[22]},{"i":{"x":[0.678],"y":[1.134]},"o":{"x":[0.397],"y":[0.016]},"t":40.5,"s":[45]},{"i":{"x":[0.667],"y":[1]},"o":{"x":[0.22],"y":[0.076]},"t":42.75,"s":[18.87]},{"t":48,"s":[91.871]}],"ix":10},"p":{"a":0,"k":[4.5,266,0],"ix":2},"a":{"a":0,"k":[4.5,273,0],"ix":1},"s":{"a":0,"k":[100,100,100],"ix":6}},"ao":0,"shapes":[{"ty":"gr","it":[{"ty":"gr","it":[{"ind":0,"ty":"sh","ix":1,"ks":{"a":0,"k":{"i":[[14.979,0.293],[6.913,-4.938],[0,0],[0,0],[-46,10],[3.024,14.616],[20,10]],"o":[[-8.715,-0.171],[-7.868,5.62],[0,0],[0,0],[46,-10],[-3.076,-14.866],[-20,-10]],"v":[[36,518],[23.581,534.013],[-2,542],[-8,581],[85,571],[134,549],[75,537]],"c":true},"ix":2},"nm":"Path 1","mn":"ADBE Vector Shape - Group","hd":false},{"ty":"st","c":{"a":0,"k":[0.039216000426,0.325489986644,0.439215985466,1],"ix":3},"o":{"a":0,"k":100,"ix":4},"w":{"a":0,"k":0,"ix":5},"lc":1,"lj":1,"ml":4,"bm":0,"nm":"Stroke 1","mn":"ADBE Vector Graphic - Stroke","hd":false},{"ty":"fl","c":{"a":0,"k":[1,0.298039215686,0.521568627451,1],"ix":4},"o":{"a":0,"k":100,"ix":5},"r":1,"bm":0,"nm":"Fill 1","mn":"ADBE Vector Graphic - Fill","hd":false},{"ty":"tr","p":{"a":0,"k":[16.549,531.737],"ix":2},"a":{"a":0,"k":[16.549,531.737],"ix":1},"s":{"a":0,"k":[100,100],"ix":3},"r":{"a":0,"k":0,"ix":6},"o":{"a":0,"k":100,"ix":7},"sk":{"a":0,"k":0,"ix":4},"sa":{"a":0,"k":0,"ix":5},"nm":"Transform"}],"nm":"Shape 4","np":3,"cix":2,"bm":0,"ix":1,"mn":"ADBE Vector Group","hd":false},{"ty":"gr","it":[{"ind":0,"ty":"sh","ix":1,"ks":{"a":0,"k":{"i":[[5.566,3.5],[0,0],[-16.028,-11.539],[-19.422,3.194],[-7.689,9.707]],"o":[[-5.566,-3.5],[0,0],[16.028,11.539],[19.422,-3.194],[7.689,-9.707]],"v":[[136.024,546.674],[3.623,571.156],[-1.834,594.05],[61.19,585.624],[138.93,563.313]],"c":true},"ix":2},"nm":"Path 1","mn":"ADBE Vector Shape - Group","hd":false},{"ty":"st","c":{"a":0,"k":[0.125490196078,0.61568627451,0.811764765721,1],"ix":3},"o":{"a":0,"k":100,"ix":4},"w":{"a":0,"k":4,"ix":5},"lc":1,"lj":1,"ml":4,"bm":0,"nm":"Stroke 1","mn":"ADBE Vector Graphic - Stroke","hd":false},{"ty":"fl","c":{"a":0,"k":[1,1,1,1],"ix":4},"o":{"a":0,"k":100,"ix":5},"r":1,"bm":0,"nm":"Fill 1","mn":"ADBE Vector Graphic - Fill","hd":false},{"ty":"tr","p":{"a":0,"k":[0,0],"ix":2},"a":{"a":0,"k":[0,0],"ix":1},"s":{"a":0,"k":[100,100],"ix":3},"r":{"a":0,"k":0,"ix":6},"o":{"a":0,"k":100,"ix":7},"sk":{"a":0,"k":0,"ix":4},"sa":{"a":0,"k":0,"ix":5},"nm":"Transform"}],"nm":"Shape 5","np":3,"cix":2,"bm":0,"ix":2,"mn":"ADBE Vector Group","hd":false},{"ty":"gr","it":[{"ty":"tr","p":{"a":0,"k":[0,0],"ix":2},"a":{"a":0,"k":[0,0],"ix":1},"s":{"a":0,"k":[100,100],"ix":3},"r":{"a":0,"k":0,"ix":6},"o":{"a":0,"k":100,"ix":7},"sk":{"a":0,"k":0,"ix":4},"sa":{"a":0,"k":0,"ix":5},"nm":"Transform"}],"nm":"Group 1","np":0,"cix":2,"bm":0,"ix":3,"mn":"ADBE Vector Group","hd":false},{"ty":"tr","p":{"a":0,"k":[15.183,531.618],"ix":2},"a":{"a":0,"k":[15.183,531.618],"ix":1},"s":{"a":0,"k":[100,100],"ix":3},"r":{"a":1,"k":[{"i":{"x":[0.667],"y":[1]},"o":{"x":[0.333],"y":[0]},"t":0,"s":[37.175]},{"i":{"x":[0.833],"y":[0.721]},"o":{"x":[0.167],"y":[0.057]},"t":12,"s":[-13]},{"i":{"x":[0.564],"y":[1.996]},"o":{"x":[1],"y":[-0.985]},"t":15.84,"s":[-2]},{"i":{"x":[0.841],"y":[0.981]},"o":{"x":[0.379],"y":[0.106]},"t":17.761,"s":[-11.367]},{"i":{"x":[0.667],"y":[1]},"o":{"x":[0.167],"y":[0.454]},"t":18.75,"s":[27.924]},{"i":{"x":[0.667],"y":[1]},"o":{"x":[0.333],"y":[0]},"t":24,"s":[37.175]},{"i":{"x":[0.833],"y":[0.721]},"o":{"x":[0.167],"y":[0.057]},"t":36,"s":[-13]},{"i":{"x":[0.564],"y":[1.996]},"o":{"x":[1],"y":[-0.985]},"t":39.84,"s":[-2]},{"i":{"x":[0.841],"y":[0.981]},"o":{"x":[0.379],"y":[0.106]},"t":41.761,"s":[-11.367]},{"i":{"x":[0.667],"y":[1]},"o":{"x":[0.167],"y":[0.454]},"t":42.75,"s":[27.924]},{"t":48,"s":[37.175]}],"ix":6},"o":{"a":0,"k":100,"ix":7},"sk":{"a":0,"k":0,"ix":4},"sa":{"a":0,"k":0,"ix":5},"nm":"Transform"}],"nm":"Group 2","np":3,"cix":2,"bm":0,"ix":1,"mn":"ADBE Vector Group","hd":false},{"ty":"gr","it":[{"ty":"gr","it":[{"ind":0,"ty":"sh","ix":1,"ks":{"a":0,"k":{"i":[[0,0],[-2.1,-23.277],[0,0],[0,0],[0,0]],"o":[[0,0],[0.985,10.921],[0,0],[0,0],[0,0]],"v":[[-24,274],[-29,359],[-24.809,395.11],[33.113,392.001],[34,274]],"c":true},"ix":2},"nm":"Path 1","mn":"ADBE Vector Shape - Group","hd":false},{"ty":"st","c":{"a":0,"k":[0.039216000426,0.325489986644,0.439215985466,1],"ix":3},"o":{"a":0,"k":100,"ix":4},"w":{"a":0,"k":0,"ix":5},"lc":1,"lj":1,"ml":4,"bm":0,"nm":"Stroke 1","mn":"ADBE Vector Graphic - Stroke","hd":false},{"ty":"fl","c":{"a":0,"k":[0,0.166803457223,0.23137254902,1],"ix":4},"o":{"a":0,"k":100,"ix":5},"r":1,"bm":0,"nm":"Fill 1","mn":"ADBE Vector Graphic - Fill","hd":false},{"ty":"tr","p":{"a":0,"k":[0,0],"ix":2},"a":{"a":0,"k":[0,0],"ix":1},"s":{"a":0,"k":[100,100],"ix":3},"r":{"a":0,"k":0,"ix":6},"o":{"a":0,"k":100,"ix":7},"sk":{"a":0,"k":0,"ix":4},"sa":{"a":0,"k":0,"ix":5},"nm":"Transform"}],"nm":"Shape 2","np":3,"cix":2,"bm":0,"ix":1,"mn":"ADBE Vector Group","hd":false},{"ty":"gr","it":[{"ind":0,"ty":"sh","ix":1,"ks":{"a":0,"k":{"i":[[0,0],[-2.1,-23.277],[0,0],[0,0],[0,0]],"o":[[0,0],[5.93,65.73],[0,0],[0,0],[0,0]],"v":[[-20.561,277.043],[-29,359],[6.898,548.773],[32,540],[33.256,280.284]],"c":true},"ix":2},"nm":"Path 1","mn":"ADBE Vector Shape - Group","hd":false},{"ty":"st","c":{"a":0,"k":[0.039216000426,0.325489986644,0.439215985466,1],"ix":3},"o":{"a":0,"k":100,"ix":4},"w":{"a":0,"k":0,"ix":5},"lc":1,"lj":1,"ml":4,"bm":0,"nm":"Stroke 1","mn":"ADBE Vector Graphic - Stroke","hd":false},{"ty":"fl","c":{"a":0,"k":[1,0.623529411765,0.6,1],"ix":4},"o":{"a":0,"k":100,"ix":5},"r":1,"bm":0,"nm":"Fill 1","mn":"ADBE Vector Graphic - Fill","hd":false},{"ty":"tr","p":{"a":0,"k":[0,0],"ix":2},"a":{"a":0,"k":[0,0],"ix":1},"s":{"a":0,"k":[100,100],"ix":3},"r":{"a":0,"k":0,"ix":6},"o":{"a":0,"k":100,"ix":7},"sk":{"a":0,"k":0,"ix":4},"sa":{"a":0,"k":0,"ix":5},"nm":"Transform"}],"nm":"Shape 1","np":3,"cix":2,"bm":0,"ix":2,"mn":"ADBE Vector Group","hd":false},{"ty":"gr","it":[{"d":1,"ty":"el","s":{"a":0,"k":[58,58],"ix":2},"p":{"a":0,"k":[0,0],"ix":3},"nm":"Ellipse Path 1","mn":"ADBE Vector Shape - Ellipse","hd":false},{"ty":"st","c":{"a":0,"k":[0.039216000426,0.325489986644,0.439215985466,1],"ix":3},"o":{"a":0,"k":100,"ix":4},"w":{"a":0,"k":0,"ix":5},"lc":1,"lj":1,"ml":4,"bm":0,"nm":"Stroke 1","mn":"ADBE Vector Graphic - Stroke","hd":false},{"ty":"fl","c":{"a":0,"k":[0,0.166803457223,0.23137254902,1],"ix":4},"o":{"a":0,"k":100,"ix":5},"r":1,"bm":0,"nm":"Fill 1","mn":"ADBE Vector Graphic - Fill","hd":false},{"ty":"tr","p":{"a":0,"k":[4.5,274.5],"ix":2},"a":{"a":0,"k":[0,0],"ix":1},"s":{"a":0,"k":[100,100],"ix":3},"r":{"a":0,"k":0,"ix":6},"o":{"a":0,"k":100,"ix":7},"sk":{"a":0,"k":0,"ix":4},"sa":{"a":0,"k":0,"ix":5},"nm":"Transform"}],"nm":"Ellipse 1","np":3,"cix":2,"bm":0,"ix":3,"mn":"ADBE Vector Group","hd":false},{"ty":"tr","p":{"a":0,"k":[2.306,392.75],"ix":2},"a":{"a":0,"k":[2.306,392.75],"ix":1},"s":{"a":0,"k":[100,100],"ix":3},"r":{"a":0,"k":0,"ix":6},"o":{"a":0,"k":100,"ix":7},"sk":{"a":0,"k":0,"ix":4},"sa":{"a":0,"k":0,"ix":5},"nm":"Transform"}],"nm":"Group 1","np":3,"cix":2,"bm":0,"ix":2,"mn":"ADBE Vector Group","hd":false}],"ip":0,"op":392,"st":-16,"bm":0},{"ddd":0,"ind":17,"ty":4,"nm":"Thigh L","parent":7,"sr":1,"ks":{"o":{"a":0,"k":100,"ix":11},"r":{"a":1,"k":[{"i":{"x":[0.833],"y":[0.938]},"o":{"x":[0.64],"y":[0]},"t":0,"s":[14]},{"i":{"x":[0.667],"y":[1]},"o":{"x":[0.167],"y":[-0.241]},"t":6,"s":[-56]},{"i":{"x":[0.122],"y":[1]},"o":{"x":[0.835],"y":[0]},"t":12,"s":[-38]},{"i":{"x":[0.833],"y":[0.938]},"o":{"x":[0.64],"y":[0]},"t":24,"s":[14]},{"i":{"x":[0.667],"y":[1]},"o":{"x":[0.167],"y":[-0.241]},"t":30,"s":[-56]},{"i":{"x":[0.122],"y":[1]},"o":{"x":[0.835],"y":[0]},"t":36,"s":[-38]},{"t":48,"s":[14]}],"ix":10},"p":{"a":0,"k":[47.872,316.41,0],"ix":2},"a":{"a":0,"k":[-3,52,0],"ix":1},"s":{"a":0,"k":[158.73,158.73,100],"ix":6}},"ao":0,"shapes":[{"ty":"gr","it":[{"d":1,"ty":"el","s":{"a":0,"k":[98,98],"ix":2},"p":{"a":0,"k":[0,0],"ix":3},"nm":"Ellipse Path 1","mn":"ADBE Vector Shape - Ellipse","hd":false},{"ty":"st","c":{"a":0,"k":[0.039216000426,0.325489986644,0.439215985466,1],"ix":3},"o":{"a":0,"k":100,"ix":4},"w":{"a":0,"k":0,"ix":5},"lc":1,"lj":1,"ml":4,"bm":0,"nm":"Stroke 1","mn":"ADBE Vector Graphic - Stroke","hd":false},{"ty":"fl","c":{"a":0,"k":[0,0.16862745098,0.23137254902,1],"ix":4},"o":{"a":0,"k":100,"ix":5},"r":1,"bm":0,"nm":"Fill 1","mn":"ADBE Vector Graphic - Fill","hd":false},{"ty":"tr","p":{"a":0,"k":[-3,53],"ix":2},"a":{"a":0,"k":[0,0],"ix":1},"s":{"a":0,"k":[100,100],"ix":3},"r":{"a":0,"k":0,"ix":6},"o":{"a":0,"k":100,"ix":7},"sk":{"a":0,"k":0,"ix":4},"sa":{"a":0,"k":0,"ix":5},"nm":"Transform"}],"nm":"Ellipse 1","np":3,"cix":2,"bm":0,"ix":1,"mn":"ADBE Vector Group","hd":false},{"ty":"gr","it":[{"ind":0,"ty":"sh","ix":1,"ks":{"a":0,"k":{"i":[[0,0],[0,0],[0,0],[0,0]],"o":[[0,0],[0,0],[0,0],[0,0]],"v":[[-52,52],[-24,266],[34,266],[46,54]],"c":true},"ix":2},"nm":"Path 1","mn":"ADBE Vector Shape - Group","hd":false},{"ty":"st","c":{"a":0,"k":[0.039216000426,0.325489986644,0.439215985466,1],"ix":3},"o":{"a":0,"k":100,"ix":4},"w":{"a":0,"k":0,"ix":5},"lc":1,"lj":1,"ml":4,"bm":0,"nm":"Stroke 1","mn":"ADBE Vector Graphic - Stroke","hd":false},{"ty":"fl","c":{"a":0,"k":[0,0.16862745098,0.23137254902,1],"ix":4},"o":{"a":0,"k":100,"ix":5},"r":1,"bm":0,"nm":"Fill 1","mn":"ADBE Vector Graphic - Fill","hd":false},{"ty":"tr","p":{"a":0,"k":[0,0],"ix":2},"a":{"a":0,"k":[0,0],"ix":1},"s":{"a":0,"k":[100,100],"ix":3},"r":{"a":0,"k":0,"ix":6},"o":{"a":0,"k":100,"ix":7},"sk":{"a":0,"k":0,"ix":4},"sa":{"a":0,"k":0,"ix":5},"nm":"Transform"}],"nm":"Shape 1","np":3,"cix":2,"bm":0,"ix":2,"mn":"ADBE Vector Group","hd":false}],"ip":0,"op":392,"st":-16,"bm":0},{"ddd":0,"ind":18,"ty":4,"nm":"Arm L","parent":6,"sr":1,"ks":{"o":{"a":0,"k":100,"ix":11},"r":{"a":1,"k":[{"i":{"x":[0.224],"y":[1]},"o":{"x":[0.627],"y":[0]},"t":0,"s":[-53]},{"i":{"x":[0.201],"y":[1]},"o":{"x":[0.627],"y":[0]},"t":12,"s":[67]},{"i":{"x":[0.224],"y":[1]},"o":{"x":[0.627],"y":[0]},"t":24,"s":[-53]},{"i":{"x":[0.193],"y":[1]},"o":{"x":[0.627],"y":[0]},"t":36,"s":[67]},{"t":48,"s":[-53]}],"ix":10},"p":{"a":1,"k":[{"i":{"x":0.268,"y":1},"o":{"x":0.656,"y":0},"t":0,"s":[68.385,-197.418,0],"to":[0,0,0],"ti":[0,0,0]},{"i":{"x":0.31,"y":1},"o":{"x":0.427,"y":0},"t":12,"s":[-112.615,-197.418,0],"to":[0,0,0],"ti":[0,0,0]},{"i":{"x":0.268,"y":1},"o":{"x":0.656,"y":0},"t":24,"s":[68.385,-197.418,0],"to":[0,0,0],"ti":[0,0,0]},{"i":{"x":0.268,"y":1},"o":{"x":0.427,"y":0},"t":36,"s":[-112.615,-197.418,0],"to":[0,0,0],"ti":[0,0,0]},{"t":48,"s":[68.385,-197.418,0]}],"ix":2},"a":{"a":0,"k":[-297,-65,0],"ix":1},"s":{"a":0,"k":[65,65,100],"ix":6}},"ao":0,"shapes":[{"ty":"gr","it":[{"ty":"gr","it":[{"ind":0,"ty":"sh","ix":1,"ks":{"a":0,"k":{"i":[[0,0],[0,0],[0,0],[0,0]],"o":[[0,0],[0,0],[0,0],[0,0]],"v":[[-335.75,-64.5],[-324.853,182.288],[-269.192,181.514],[-258,-64.5]],"c":true},"ix":2},"nm":"Path 1","mn":"ADBE Vector Shape - Group","hd":false},{"ty":"st","c":{"a":0,"k":[0.125608541451,0.101407144584,0.61568627451,1],"ix":3},"o":{"a":0,"k":100,"ix":4},"w":{"a":0,"k":0,"ix":5},"lc":1,"lj":1,"ml":4,"bm":0,"nm":"Stroke 1","mn":"ADBE Vector Graphic - Stroke","hd":false},{"ty":"fl","c":{"a":0,"k":[1,0.623529411765,0.6,1],"ix":4},"o":{"a":0,"k":100,"ix":5},"r":1,"bm":0,"nm":"Fill 1","mn":"ADBE Vector Graphic - Fill","hd":false},{"ty":"tr","p":{"a":0,"k":[0,0],"ix":2},"a":{"a":0,"k":[0,0],"ix":1},"s":{"a":0,"k":[100,100],"ix":3},"r":{"a":0,"k":0,"ix":6},"o":{"a":0,"k":100,"ix":7},"sk":{"a":0,"k":0,"ix":4},"sa":{"a":0,"k":0,"ix":5},"nm":"Transform"}],"nm":"Shape 1","np":3,"cix":2,"bm":0,"ix":1,"mn":"ADBE Vector Group","hd":false},{"ty":"gr","it":[{"d":1,"ty":"el","s":{"a":0,"k":[55,55],"ix":2},"p":{"a":0,"k":[0,0],"ix":3},"nm":"Ellipse Path 1","mn":"ADBE Vector Shape - Ellipse","hd":false},{"ty":"st","c":{"a":0,"k":[0.125608541451,0.101407144584,0.61568627451,1],"ix":3},"o":{"a":0,"k":100,"ix":4},"w":{"a":0,"k":0,"ix":5},"lc":1,"lj":1,"ml":4,"bm":0,"nm":"Stroke 1","mn":"ADBE Vector Graphic - Stroke","hd":false},{"ty":"fl","c":{"a":0,"k":[1,0.623529411765,0.6,1],"ix":4},"o":{"a":0,"k":100,"ix":5},"r":1,"bm":0,"nm":"Fill 1","mn":"ADBE Vector Graphic - Fill","hd":false},{"ty":"tr","p":{"a":0,"k":[-297,181],"ix":2},"a":{"a":0,"k":[0,0],"ix":1},"s":{"a":0,"k":[100,100],"ix":3},"r":{"a":0,"k":0,"ix":6},"o":{"a":0,"k":100,"ix":7},"sk":{"a":0,"k":0,"ix":4},"sa":{"a":0,"k":0,"ix":5},"nm":"Transform"}],"nm":"Ellipse 2","np":3,"cix":2,"bm":0,"ix":2,"mn":"ADBE Vector Group","hd":false},{"ty":"gr","it":[{"d":1,"ty":"el","s":{"a":0,"k":[78,78],"ix":2},"p":{"a":0,"k":[0,0],"ix":3},"nm":"Ellipse Path 1","mn":"ADBE Vector Shape - Ellipse","hd":false},{"ty":"st","c":{"a":0,"k":[0.125608541451,0.101407144584,0.61568627451,1],"ix":3},"o":{"a":0,"k":100,"ix":4},"w":{"a":0,"k":0,"ix":5},"lc":1,"lj":1,"ml":4,"bm":0,"nm":"Stroke 1","mn":"ADBE Vector Graphic - Stroke","hd":false},{"ty":"fl","c":{"a":0,"k":[1,0.623529411765,0.6,1],"ix":4},"o":{"a":0,"k":100,"ix":5},"r":1,"bm":0,"nm":"Fill 1","mn":"ADBE Vector Graphic - Fill","hd":false},{"ty":"tr","p":{"a":0,"k":[-297,-65],"ix":2},"a":{"a":0,"k":[0,0],"ix":1},"s":{"a":0,"k":[100,100],"ix":3},"r":{"a":0,"k":0,"ix":6},"o":{"a":0,"k":100,"ix":7},"sk":{"a":0,"k":0,"ix":4},"sa":{"a":0,"k":0,"ix":5},"nm":"Transform"}],"nm":"Ellipse 1","np":3,"cix":2,"bm":0,"ix":3,"mn":"ADBE Vector Group","hd":false},{"ty":"tr","p":{"a":0,"k":[-297,52.25],"ix":2},"a":{"a":0,"k":[-297,52.25],"ix":1},"s":{"a":0,"k":[100,100],"ix":3},"r":{"a":0,"k":0,"ix":6},"o":{"a":0,"k":100,"ix":7},"sk":{"a":0,"k":0,"ix":4},"sa":{"a":0,"k":0,"ix":5},"nm":"Transform"}],"nm":"Group 2","np":3,"cix":2,"bm":0,"ix":1,"mn":"ADBE Vector Group","hd":false},{"ty":"gr","it":[{"ty":"gr","it":[{"ty":"gr","it":[{"ty":"gr","it":[{"ind":0,"ty":"sh","ix":1,"ks":{"a":0,"k":{"i":[[0,0],[-1.669,10.008],[0,0],[-1.667,5.814],[-0.609,1.324],[0,0],[0,0],[-8.519,-3.646],[-1.592,4.158],[0,0],[13.531,0.116]],"o":[[0,0],[1.482,-8.887],[0,0],[1.667,-5.814],[4.438,-9.648],[0,0],[0,0],[4.455,1.907],[1.966,-5.134],[0,0],[-13.571,-0.116]],"v":[[-76.209,207.447],[-58.381,198.297],[-64.473,181.868],[-56.813,171.9],[-57.468,159.98],[-49.587,142.511],[-47.979,143.182],[-46.454,162.286],[-38.021,157.992],[-31.874,142.137],[-43.775,132.013]],"c":false},"ix":2},"nm":"Path 1","mn":"ADBE Vector Shape - Group","hd":false},{"ty":"st","c":{"a":0,"k":[1,0.298039215686,0.521568627451,1],"ix":3},"o":{"a":0,"k":100,"ix":4},"w":{"a":0,"k":5,"ix":5},"lc":2,"lj":1,"ml":4,"bm":0,"nm":"Stroke 1","mn":"ADBE Vector Graphic - Stroke","hd":false},{"ty":"fl","c":{"a":0,"k":[1,0.623529411765,0.6,1],"ix":4},"o":{"a":0,"k":100,"ix":5},"r":1,"bm":0,"nm":"Fill 1","mn":"ADBE Vector Graphic - Fill","hd":false},{"ty":"tr","p":{"a":0,"k":[0,0],"ix":2},"a":{"a":0,"k":[0,0],"ix":1},"s":{"a":0,"k":[100,100],"ix":3},"r":{"a":0,"k":0,"ix":6},"o":{"a":0,"k":100,"ix":7},"sk":{"a":0,"k":0,"ix":4},"sa":{"a":0,"k":0,"ix":5},"nm":"Transform"}],"nm":"Shape 1","np":3,"cix":2,"bm":0,"ix":1,"mn":"ADBE Vector Group","hd":false},{"ty":"gr","it":[{"ind":0,"ty":"sh","ix":1,"ks":{"a":0,"k":{"i":[[0,0],[-0.56,10.326],[0,0],[-0.599,13.251],[0,0],[-1.114,8.07],[0,0],[-2.15,10.29]],"o":[[0,0],[0.56,-10.326],[0,0],[0.599,-13.251],[0,0],[1.114,-8.07],[0,0],[2.15,-10.29]],"v":[[-33.424,203.356],[-49.542,195.378],[-25.651,188.805],[-51.308,180.609],[-21.241,172.032],[-47.01,164.224],[-18.608,157.267],[-46.114,148.541]],"c":false},"ix":2},"nm":"Path 1","mn":"ADBE Vector Shape - Group","hd":false},{"ty":"st","c":{"a":0,"k":[1,0.298039215686,0.521568627451,1],"ix":3},"o":{"a":0,"k":100,"ix":4},"w":{"a":0,"k":5,"ix":5},"lc":1,"lj":1,"ml":4,"bm":0,"nm":"Stroke 1","mn":"ADBE Vector Graphic - Stroke","hd":false},{"ty":"fl","c":{"a":0,"k":[1,0.623529411765,0.6,1],"ix":4},"o":{"a":0,"k":100,"ix":5},"r":1,"bm":0,"nm":"Fill 1","mn":"ADBE Vector Graphic - Fill","hd":false},{"ty":"tr","p":{"a":0,"k":[0,0],"ix":2},"a":{"a":0,"k":[0,0],"ix":1},"s":{"a":0,"k":[100,100],"ix":3},"r":{"a":0,"k":0,"ix":6},"o":{"a":0,"k":100,"ix":7},"sk":{"a":0,"k":0,"ix":4},"sa":{"a":0,"k":0,"ix":5},"nm":"Transform"}],"nm":"Shape 2","np":3,"cix":2,"bm":0,"ix":2,"mn":"ADBE Vector Group","hd":false},{"ty":"tr","p":{"a":0,"k":[27.282,164.734],"ix":2},"a":{"a":0,"k":[-47.408,169.739],"ix":1},"s":{"a":0,"k":[81.484,81.484],"ix":3},"r":{"a":0,"k":0,"ix":6},"o":{"a":0,"k":100,"ix":7},"sk":{"a":0,"k":0,"ix":4},"sa":{"a":0,"k":0,"ix":5},"nm":"Transform"}],"nm":"Group 3","np":2,"cix":2,"bm":0,"ix":1,"mn":"ADBE Vector Group","hd":false},{"ty":"gr","it":[{"ind":0,"ty":"sh","ix":1,"ks":{"a":0,"k":{"i":[[-9.346,37.741],[0,0],[6.136,0.483],[8.709,-0.156],[11.869,-10.375],[-7.324,-4.99],[-23.723,-0.163]],"o":[[2.583,-10.432],[0,0],[-6.192,-0.488],[-12.731,0.228],[-5.588,4.884],[4.651,3.169],[21.938,0.151]],"v":[[53.586,149.492],[41.347,139.158],[36.474,133.29],[17.846,132.867],[-11.952,168.875],[-11.397,190.017],[24.053,196.936]],"c":true},"ix":2},"nm":"Path 1","mn":"ADBE Vector Shape - Group","hd":false},{"ty":"st","c":{"a":0,"k":[0.125608541451,0.101407144584,0.61568627451,1],"ix":3},"o":{"a":0,"k":100,"ix":4},"w":{"a":0,"k":0,"ix":5},"lc":1,"lj":1,"ml":4,"bm":0,"nm":"Stroke 1","mn":"ADBE Vector Graphic - Stroke","hd":false},{"ty":"fl","c":{"a":0,"k":[1,0.623529411765,0.6,1],"ix":4},"o":{"a":0,"k":100,"ix":5},"r":1,"bm":0,"nm":"Fill 1","mn":"ADBE Vector Graphic - Fill","hd":false},{"ty":"tr","p":{"a":0,"k":[0,0],"ix":2},"a":{"a":0,"k":[0,0],"ix":1},"s":{"a":0,"k":[100,100],"ix":3},"r":{"a":0,"k":0,"ix":6},"o":{"a":0,"k":100,"ix":7},"sk":{"a":0,"k":0,"ix":4},"sa":{"a":0,"k":0,"ix":5},"nm":"Transform"}],"nm":"Shape 1","np":3,"cix":2,"bm":0,"ix":2,"mn":"ADBE Vector Group","hd":false},{"ty":"tr","p":{"a":0,"k":[-298.062,384.293],"ix":2},"a":{"a":0,"k":[-10.007,177.641],"ix":1},"s":{"a":0,"k":[121.554,121.554],"ix":3},"r":{"a":0,"k":88.048,"ix":6},"o":{"a":0,"k":100,"ix":7},"sk":{"a":0,"k":0,"ix":4},"sa":{"a":0,"k":0,"ix":5},"nm":"Transform"}],"nm":"hand 1","np":2,"cix":2,"bm":0,"ix":1,"mn":"ADBE Vector Group","hd":false},{"ty":"gr","it":[{"ind":0,"ty":"sh","ix":1,"ks":{"a":0,"k":{"i":[[0,0],[0,0],[0,0],[0,0]],"o":[[0,0],[0,0],[0,0],[0,0]],"v":[[-324.853,182.288],[-315.217,399.309],[-285.229,399.312],[-269.192,181.514]],"c":true},"ix":2},"nm":"Path 1","mn":"ADBE Vector Shape - Group","hd":false},{"ty":"st","c":{"a":0,"k":[0.125608541451,0.101407144584,0.61568627451,1],"ix":3},"o":{"a":0,"k":100,"ix":4},"w":{"a":0,"k":0,"ix":5},"lc":1,"lj":1,"ml":4,"bm":0,"nm":"Stroke 1","mn":"ADBE Vector Graphic - Stroke","hd":false},{"ty":"fl","c":{"a":0,"k":[1,0.623529411765,0.6,1],"ix":4},"o":{"a":0,"k":100,"ix":5},"r":1,"bm":0,"nm":"Fill 1","mn":"ADBE Vector Graphic - Fill","hd":false},{"ty":"tr","p":{"a":0,"k":[0,0],"ix":2},"a":{"a":0,"k":[0,0],"ix":1},"s":{"a":0,"k":[100,100],"ix":3},"r":{"a":0,"k":0,"ix":6},"o":{"a":0,"k":100,"ix":7},"sk":{"a":0,"k":0,"ix":4},"sa":{"a":0,"k":0,"ix":5},"nm":"Transform"}],"nm":"Shape 1","np":3,"cix":2,"bm":0,"ix":2,"mn":"ADBE Vector Group","hd":false},{"ty":"gr","it":[{"d":1,"ty":"el","s":{"a":0,"k":[55,55],"ix":2},"p":{"a":0,"k":[0,0],"ix":3},"nm":"Ellipse Path 1","mn":"ADBE Vector Shape - Ellipse","hd":false},{"ty":"st","c":{"a":0,"k":[0.125608541451,0.101407144584,0.61568627451,1],"ix":3},"o":{"a":0,"k":100,"ix":4},"w":{"a":0,"k":0,"ix":5},"lc":1,"lj":1,"ml":4,"bm":0,"nm":"Stroke 1","mn":"ADBE Vector Graphic - Stroke","hd":false},{"ty":"fl","c":{"a":0,"k":[1,0.623529411765,0.6,1],"ix":4},"o":{"a":0,"k":100,"ix":5},"r":1,"bm":0,"nm":"Fill 1","mn":"ADBE Vector Graphic - Fill","hd":false},{"ty":"tr","p":{"a":0,"k":[-297,181],"ix":2},"a":{"a":0,"k":[0,0],"ix":1},"s":{"a":0,"k":[100,100],"ix":3},"r":{"a":0,"k":0,"ix":6},"o":{"a":0,"k":100,"ix":7},"sk":{"a":0,"k":0,"ix":4},"sa":{"a":0,"k":0,"ix":5},"nm":"Transform"}],"nm":"Ellipse 2","np":3,"cix":2,"bm":0,"ix":3,"mn":"ADBE Vector Group","hd":false},{"ty":"tr","p":{"a":0,"k":[-297.023,179.75],"ix":2},"a":{"a":0,"k":[-297.023,179.75],"ix":1},"s":{"a":0,"k":[100,100],"ix":3},"r":{"a":1,"k":[{"i":{"x":[0.172],"y":[1]},"o":{"x":[0.747],"y":[0]},"t":0,"s":[-123.435]},{"i":{"x":[0.31],"y":[1]},"o":{"x":[0.904],"y":[0]},"t":12,"s":[-79.435]},{"i":{"x":[0.172],"y":[1]},"o":{"x":[0.747],"y":[0]},"t":24,"s":[-123.435]},{"i":{"x":[0.464],"y":[1]},"o":{"x":[0.904],"y":[0]},"t":36,"s":[-79.435]},{"t":48,"s":[-123.435]}],"ix":6},"o":{"a":0,"k":100,"ix":7},"sk":{"a":0,"k":0,"ix":4},"sa":{"a":0,"k":0,"ix":5},"nm":"Transform"}],"nm":"Group 1","np":3,"cix":2,"bm":0,"ix":2,"mn":"ADBE Vector Group","hd":false}],"ip":0,"op":408,"st":0,"bm":0},{"ddd":0,"ind":19,"ty":4,"nm":"Window mask","parent":1,"td":1,"sr":1,"ks":{"o":{"a":0,"k":100,"ix":11},"r":{"a":0,"k":0,"ix":10},"p":{"a":0,"k":[-14.511,89.136,0],"ix":2},"a":{"a":0,"k":[0,0,0],"ix":1},"s":{"a":0,"k":[100,100,100],"ix":6}},"ao":0,"shapes":[{"ty":"gr","it":[{"ty":"rc","d":1,"s":{"a":0,"k":[489.733,428.733],"ix":2},"p":{"a":0,"k":[0,0],"ix":3},"r":{"a":0,"k":0,"ix":4},"nm":"Rectangle Path 1","mn":"ADBE Vector Shape - Rect","hd":false},{"ty":"st","c":{"a":0,"k":[1,1,1,1],"ix":3},"o":{"a":0,"k":100,"ix":4},"w":{"a":0,"k":0,"ix":5},"lc":1,"lj":1,"ml":4,"bm":0,"nm":"Stroke 1","mn":"ADBE Vector Graphic - Stroke","hd":false},{"ty":"fl","c":{"a":0,"k":[0.396078461292,0.925490255917,1,1],"ix":4},"o":{"a":0,"k":100,"ix":5},"r":1,"bm":0,"nm":"Fill 1","mn":"ADBE Vector Graphic - Fill","hd":false},{"ty":"tr","p":{"a":0,"k":[274.664,-206.257],"ix":2},"a":{"a":0,"k":[0,0],"ix":1},"s":{"a":0,"k":[100,100],"ix":3},"r":{"a":0,"k":0,"ix":6},"o":{"a":0,"k":100,"ix":7},"sk":{"a":0,"k":0,"ix":4},"sa":{"a":0,"k":0,"ix":5},"nm":"Transform"}],"nm":"Rectangle 1","np":3,"cix":2,"bm":0,"ix":1,"mn":"ADBE Vector Group","hd":false}],"ip":0,"op":408,"st":0,"bm":0},{"ddd":0,"ind":20,"ty":4,"nm":"Window contents","parent":1,"tt":1,"sr":1,"ks":{"o":{"a":0,"k":100,"ix":11},"r":{"a":0,"k":0,"ix":10},"p":{"a":0,"k":[-14.511,89.136,0],"ix":2},"a":{"a":0,"k":[0,0,0],"ix":1},"s":{"a":0,"k":[100,100,100],"ix":6}},"ao":0,"shapes":[{"ty":"gr","it":[{"ind":0,"ty":"sh","ix":1,"ks":{"a":0,"k":{"i":[[0,0],[0,0]],"o":[[0,0],[0,0]],"v":[[276.737,-438.426],[276.737,23.839]],"c":false},"ix":2},"nm":"Path 1","mn":"ADBE Vector Shape - Group","hd":false},{"ty":"st","c":{"a":0,"k":[1,1,1,1],"ix":3},"o":{"a":0,"k":100,"ix":4},"w":{"a":0,"k":8,"ix":5},"lc":1,"lj":1,"ml":4,"bm":0,"nm":"Stroke 1","mn":"ADBE Vector Graphic - Stroke","hd":false},{"ty":"fl","c":{"a":0,"k":[0,0.16862745098,0.231372563979,1],"ix":4},"o":{"a":0,"k":100,"ix":5},"r":1,"bm":0,"nm":"Fill 1","mn":"ADBE Vector Graphic - Fill","hd":false},{"ty":"tr","p":{"a":0,"k":[0,0],"ix":2},"a":{"a":0,"k":[0,0],"ix":1},"s":{"a":0,"k":[100,100],"ix":3},"r":{"a":0,"k":0,"ix":6},"o":{"a":0,"k":100,"ix":7},"sk":{"a":0,"k":0,"ix":4},"sa":{"a":0,"k":0,"ix":5},"nm":"Transform"}],"nm":"Shape 2","np":3,"cix":2,"bm":0,"ix":1,"mn":"ADBE Vector Group","hd":false},{"ty":"gr","it":[{"ind":0,"ty":"sh","ix":1,"ks":{"a":0,"k":{"i":[[0,0],[0,0]],"o":[[0,0],[0,0]],"v":[[22.802,-197.966],[530.672,-199.002]],"c":false},"ix":2},"nm":"Path 1","mn":"ADBE Vector Shape - Group","hd":false},{"ty":"st","c":{"a":0,"k":[1,1,1,1],"ix":3},"o":{"a":0,"k":100,"ix":4},"w":{"a":0,"k":8,"ix":5},"lc":1,"lj":1,"ml":4,"bm":0,"nm":"Stroke 1","mn":"ADBE Vector Graphic - Stroke","hd":false},{"ty":"fl","c":{"a":0,"k":[0,0.16862745098,0.231372563979,1],"ix":4},"o":{"a":0,"k":100,"ix":5},"r":1,"bm":0,"nm":"Fill 1","mn":"ADBE Vector Graphic - Fill","hd":false},{"ty":"tr","p":{"a":0,"k":[0,0],"ix":2},"a":{"a":0,"k":[0,0],"ix":1},"s":{"a":0,"k":[100,100],"ix":3},"r":{"a":0,"k":0,"ix":6},"o":{"a":0,"k":100,"ix":7},"sk":{"a":0,"k":0,"ix":4},"sa":{"a":0,"k":0,"ix":5},"nm":"Transform"}],"nm":"Shape 1","np":3,"cix":2,"bm":0,"ix":2,"mn":"ADBE Vector Group","hd":false},{"ty":"gr","it":[{"d":1,"ty":"el","s":{"a":0,"k":[242.534,242.534],"ix":2},"p":{"a":0,"k":[0,0],"ix":3},"nm":"Ellipse Path 1","mn":"ADBE Vector Shape - Ellipse","hd":false},{"ty":"st","c":{"a":0,"k":[1,1,1,1],"ix":3},"o":{"a":0,"k":100,"ix":4},"w":{"a":0,"k":0,"ix":5},"lc":1,"lj":1,"ml":4,"bm":0,"nm":"Stroke 1","mn":"ADBE Vector Graphic - Stroke","hd":false},{"ty":"fl","c":{"a":0,"k":[1,0.850795850567,0.396078461292,1],"ix":4},"o":{"a":0,"k":100,"ix":5},"r":1,"bm":0,"nm":"Fill 1","mn":"ADBE Vector Graphic - Fill","hd":false},{"ty":"tr","p":{"a":0,"k":[424.952,-342.035],"ix":2},"a":{"a":0,"k":[0,0],"ix":1},"s":{"a":0,"k":[100,100],"ix":3},"r":{"a":0,"k":0,"ix":6},"o":{"a":0,"k":100,"ix":7},"sk":{"a":0,"k":0,"ix":4},"sa":{"a":0,"k":0,"ix":5},"nm":"Transform"}],"nm":"Ellipse 1","np":3,"cix":2,"bm":0,"ix":3,"mn":"ADBE Vector Group","hd":false},{"ty":"gr","it":[{"ty":"rc","d":1,"s":{"a":0,"k":[489.733,428.733],"ix":2},"p":{"a":0,"k":[0,0],"ix":3},"r":{"a":0,"k":0,"ix":4},"nm":"Rectangle Path 1","mn":"ADBE Vector Shape - Rect","hd":false},{"ty":"st","c":{"a":0,"k":[1,1,1,1],"ix":3},"o":{"a":0,"k":100,"ix":4},"w":{"a":0,"k":0,"ix":5},"lc":1,"lj":1,"ml":4,"bm":0,"nm":"Stroke 1","mn":"ADBE Vector Graphic - Stroke","hd":false},{"ty":"fl","c":{"a":0,"k":[0.396078461292,0.925490255917,1,1],"ix":4},"o":{"a":0,"k":100,"ix":5},"r":1,"bm":0,"nm":"Fill 1","mn":"ADBE Vector Graphic - Fill","hd":false},{"ty":"tr","p":{"a":0,"k":[274.664,-206.257],"ix":2},"a":{"a":0,"k":[0,0],"ix":1},"s":{"a":0,"k":[100,100],"ix":3},"r":{"a":0,"k":0,"ix":6},"o":{"a":0,"k":100,"ix":7},"sk":{"a":0,"k":0,"ix":4},"sa":{"a":0,"k":0,"ix":5},"nm":"Transform"}],"nm":"Rectangle 1","np":3,"cix":2,"bm":0,"ix":4,"mn":"ADBE Vector Group","hd":false}],"ip":0,"op":408,"st":0,"bm":0}],"markers":[]}